CVE-2019-17351;{'Denial Of Service'}
CVE-2019-17133;{'Overflow'}
CVE-2019-17075;{'Denial Of Service', 'Overflow'}
CVE-2019-17056;set()
CVE-2019-17055;set()
CVE-2019-17054;set()
CVE-2019-17053;set()
CVE-2019-17052;set()
CVE-2019-16995;{'Denial Of Service'}
CVE-2019-16994;{'Denial Of Service'}
CVE-2019-16921;{'Obtain Information'}
CVE-2019-16746;{'Overflow'}
CVE-2019-16714;{'Obtain Information'}
CVE-2019-16413;{'Denial Of Service'}
CVE-2019-16234;set()
CVE-2019-16233;set()
CVE-2019-16232;set()
CVE-2019-16231;set()
CVE-2019-16230;set()
CVE-2019-16229;set()
CVE-2019-16089;set()
CVE-2019-15927;set()
CVE-2019-15926;set()
CVE-2019-15925;set()
CVE-2019-15924;set()
CVE-2019-15923;set()
CVE-2019-15922;set()
CVE-2019-15921;set()
CVE-2019-15920;set()
CVE-2019-15919;set()
CVE-2019-15918;set()
CVE-2019-15917;set()
CVE-2019-15916;{'Denial Of Service', 'Overflow'}
CVE-2019-15902;{'Obtain Information'}
CVE-2019-15807;{'Denial Of Service'}
CVE-2019-15666;{'Denial Of Service'}
CVE-2019-15538;set()
CVE-2019-15505;set()
CVE-2019-15504;set()
CVE-2019-15292;set()
CVE-2019-15291;set()
CVE-2019-15239;set()
CVE-2019-15223;set()
CVE-2019-15222;set()
CVE-2019-15221;set()
CVE-2019-15220;set()
CVE-2019-15219;set()
CVE-2019-15218;set()
CVE-2019-15217;set()
CVE-2019-15216;set()
CVE-2019-15215;set()
CVE-2019-15214;set()
CVE-2019-15213;set()
CVE-2019-15212;set()
CVE-2019-15211;set()
CVE-2019-15118;set()
CVE-2019-15117;{'Overflow'}
CVE-2019-15099;set()
CVE-2019-15098;set()
CVE-2019-15090;set()
CVE-2019-15031;{'Obtain Information'}
CVE-2019-15030;set()
CVE-2019-14835;{'Overflow'}
CVE-2019-14821;{'Denial Of Service'}
CVE-2019-14816;{'Denial Of Service', 'Execute Code', 'Overflow'}
CVE-2019-14814;{'Denial Of Service', 'Execute Code', 'Overflow'}
CVE-2019-14763;set()
CVE-2019-14284;{'Denial Of Service'}
CVE-2019-14283;{'Overflow'}
CVE-2019-13648;{'Denial Of Service'}
CVE-2019-13631;set()
CVE-2019-13272;set()
CVE-2019-13233;set()
CVE-2019-12984;{'Denial Of Service'}
CVE-2019-12881;{'Denial Of Service'}
CVE-2019-12819;{'Denial Of Service'}
CVE-2019-12818;{'Denial Of Service'}
CVE-2019-12817;{'Overflow'}
CVE-2019-12615;{'Denial Of Service'}
CVE-2019-12614;{'Denial Of Service'}
CVE-2019-12456;{'Denial Of Service'}
CVE-2019-12455;{'Denial Of Service'}
CVE-2019-12454;set()
CVE-2019-12382;{'Denial Of Service'}
CVE-2019-12381;{'Denial Of Service'}
CVE-2019-12380;set()
CVE-2019-12379;set()
CVE-2019-12378;{'Denial Of Service'}
CVE-2019-11884;{'Obtain Information'}
CVE-2019-11833;{'Obtain Information'}
CVE-2019-11815;set()
CVE-2019-11811;set()
CVE-2019-11810;{'Denial Of Service'}
CVE-2019-11683;{'Denial Of Service', 'Memory corruption'}
CVE-2019-11599;{'Obtain Information', 'Denial Of Service'}
CVE-2019-11487;{'Overflow'}
CVE-2019-11486;set()
CVE-2019-11479;{'Denial Of Service'}
CVE-2019-11478;{'Denial Of Service'}
CVE-2019-11477;{'Denial Of Service', 'Overflow'}
CVE-2019-11191;{'Bypass a restriction or similar'}
CVE-2019-11190;{'Bypass a restriction or similar'}
CVE-2019-10639;{'Obtain Information', 'Bypass a restriction or similar'}
CVE-2019-10638;{'Obtain Information'}
CVE-2019-10142;set()
CVE-2019-10140;{'Denial Of Service'}
CVE-2019-10126;{'Memory corruption', 'Overflow'}
CVE-2019-10125;set()
CVE-2019-9857;{'Denial Of Service'}
CVE-2019-9213;set()
CVE-2019-9162;set()
CVE-2019-9003;{'Execute Code'}
CVE-2019-8980;{'Denial Of Service'}
CVE-2019-8956;set()
CVE-2019-8912;set()
CVE-2019-7308;set()
CVE-2019-7222;{'Obtain Information'}
CVE-2019-7221;set()
CVE-2019-6974;set()
CVE-2019-5489;{'Obtain Information'}
CVE-2019-3901;{'Bypass a restriction or similar'}
CVE-2019-3900;set()
CVE-2019-3896;{'Denial Of Service'}
CVE-2019-3887;set()
CVE-2019-3882;{'Denial Of Service'}
CVE-2019-3874;{'Denial Of Service', 'Overflow'}
CVE-2019-3846;{'Overflow'}
CVE-2019-3837;{'Memory corruption', 'Execute Code', 'Overflow'}
CVE-2019-3819;{'Denial Of Service'}
CVE-2019-3701;set()
CVE-2019-3460;{'Obtain Information'}
CVE-2019-3459;{'Obtain Information'}
CVE-2018-1000204;set()
CVE-2018-1000200;set()
CVE-2018-1000199;{'Memory corruption', 'Execute Code'}
CVE-2018-1000028;set()
CVE-2018-1000026;set()
CVE-2018-1000004;{'Denial Of Service'}
CVE-2018-21008;set()
CVE-2018-20976;set()
CVE-2018-20961;{'Denial Of Service'}
CVE-2018-20856;set()
CVE-2018-20855;{'Overflow'}
CVE-2018-20854;set()
CVE-2018-20836;set()
CVE-2018-20784;{'Denial Of Service'}
CVE-2018-20669;{'Denial Of Service'}
CVE-2018-20511;{'Obtain Information'}
CVE-2018-20510;{'Obtain Information'}
CVE-2018-20509;{'Obtain Information'}
CVE-2018-20449;{'Obtain Information'}
CVE-2018-20169;set()
CVE-2018-19985;set()
CVE-2018-19824;set()
CVE-2018-19407;{'Denial Of Service'}
CVE-2018-19406;{'Denial Of Service'}
CVE-2018-18955;{'Bypass a restriction or similar'}
CVE-2018-18710;{'Obtain Information'}
CVE-2018-18690;set()
CVE-2018-18559;set()
CVE-2018-18445;set()
CVE-2018-18397;set()
CVE-2018-18386;set()
CVE-2018-18281;set()
CVE-2018-18021;{'Denial Of Service'}
CVE-2018-17977;{'Denial Of Service'}
CVE-2018-17972;set()
CVE-2018-17182;{'Gain privileges', 'Overflow'}
CVE-2018-16885;set()
CVE-2018-16884;{'Memory corruption'}
CVE-2018-16882;{'Gain privileges'}
CVE-2018-16880;{'Memory corruption'}
CVE-2018-16871;set()
CVE-2018-16862;{'Obtain Information'}
CVE-2018-16658;{'Obtain Information'}
CVE-2018-16597;set()
CVE-2018-16276;set()
CVE-2018-15594;{'Obtain Information'}
CVE-2018-15572;set()
CVE-2018-15471;{'Obtain Information', 'Denial Of Service', 'Overflow'}
CVE-2018-14734;{'Denial Of Service'}
CVE-2018-14678;{'Denial Of Service', 'Gain privileges'}
CVE-2018-14656;set()
CVE-2018-14646;{'Denial Of Service'}
CVE-2018-14641;set()
CVE-2018-14634;{'Overflow'}
CVE-2018-14633;{'Overflow'}
CVE-2018-14625;{'Obtain Information'}
CVE-2018-14619;set()
CVE-2018-14617;set()
CVE-2018-14616;set()
CVE-2018-14615;{'Overflow'}
CVE-2018-14614;set()
CVE-2018-14613;set()
CVE-2018-14612;set()
CVE-2018-14611;set()
CVE-2018-14610;set()
CVE-2018-14609;set()
CVE-2018-13406;{'Overflow'}
CVE-2018-13405;set()
CVE-2018-13100;set()
CVE-2018-13099;{'Denial Of Service'}
CVE-2018-13098;{'Denial Of Service'}
CVE-2018-13097;{'Denial Of Service'}
CVE-2018-13096;{'Denial Of Service'}
CVE-2018-13095;{'Denial Of Service', 'Memory corruption'}
CVE-2018-13094;set()
CVE-2018-13093;set()
CVE-2018-13053;{'Overflow'}
CVE-2018-12931;{'Denial Of Service'}
CVE-2018-12930;{'Denial Of Service'}
CVE-2018-12929;{'Denial Of Service'}
CVE-2018-12928;set()
CVE-2018-12904;{'Denial Of Service'}
CVE-2018-12896;{'Denial Of Service', 'Overflow'}
CVE-2018-12714;{'Denial Of Service'}
CVE-2018-12633;{'Obtain Information', 'Denial Of Service'}
CVE-2018-12233;{'Memory corruption', 'Overflow'}
CVE-2018-12232;set()
CVE-2018-11508;{'Obtain Information'}
CVE-2018-11506;{'Denial Of Service', 'Overflow'}
CVE-2018-11412;set()
CVE-2018-11232;{'Denial Of Service'}
CVE-2018-10940;{'Overflow'}
CVE-2018-10938;set()
CVE-2018-10902;{'Gain privileges'}
CVE-2018-10901;set()
CVE-2018-10883;{'Denial Of Service'}
CVE-2018-10882;{'Denial Of Service'}
CVE-2018-10881;{'Denial Of Service', 'Overflow'}
CVE-2018-10880;{'Denial Of Service'}
CVE-2018-10879;{'Denial Of Service'}
CVE-2018-10878;{'Denial Of Service'}
CVE-2018-10877;set()
CVE-2018-10876;set()
CVE-2018-10853;set()
CVE-2018-10840;{'Overflow'}
CVE-2018-10675;{'Denial Of Service'}
CVE-2018-10323;{'Denial Of Service'}
CVE-2018-10322;{'Denial Of Service'}
CVE-2018-10124;{'Denial Of Service', 'Overflow'}
CVE-2018-10087;{'Denial Of Service'}
CVE-2018-10074;{'Denial Of Service'}
CVE-2018-10021;{'Denial Of Service'}
CVE-2018-8822;{'Execute Code', 'Overflow'}
CVE-2018-8781;{'Execute Code', 'Overflow'}
CVE-2018-8087;{'Denial Of Service'}
CVE-2018-8043;{'Denial Of Service'}
CVE-2018-7995;{'Denial Of Service'}
CVE-2018-7757;{'Denial Of Service'}
CVE-2018-7755;{'Obtain Information', 'Bypass a restriction or similar'}
CVE-2018-7754;{'Obtain Information'}
CVE-2018-7740;{'Denial Of Service', 'Overflow'}
CVE-2018-7566;{'Overflow'}
CVE-2018-7492;set()
CVE-2018-7480;{'Denial Of Service'}
CVE-2018-7273;{'Obtain Information', 'Bypass a restriction or similar'}
CVE-2018-7191;{'Denial Of Service'}
CVE-2018-6927;{'Denial Of Service', 'Overflow'}
CVE-2018-6559;{'Obtain Information'}
CVE-2018-6555;{'Denial Of Service'}
CVE-2018-6554;{'Denial Of Service'}
CVE-2018-6412;{'Obtain Information'}
CVE-2018-5995;{'Obtain Information'}
CVE-2018-5953;{'Obtain Information'}
CVE-2018-5873;set()
CVE-2018-5814;set()
CVE-2018-5803;set()
CVE-2018-5750;{'Obtain Information'}
CVE-2018-5703;{'Denial Of Service'}
CVE-2018-5391;{'Denial Of Service'}
CVE-2018-5390;{'Denial Of Service'}
CVE-2018-5344;{'Denial Of Service'}
CVE-2018-5333;set()
CVE-2018-5332;set()
CVE-2018-1130;{'Denial Of Service'}
CVE-2018-1120;{'Denial Of Service', 'Overflow'}
CVE-2018-1118;{'Obtain Information'}
CVE-2018-1108;set()
CVE-2018-1095;{'Denial Of Service'}
CVE-2018-1094;{'Denial Of Service'}
CVE-2018-1093;{'Denial Of Service'}
CVE-2018-1092;{'Denial Of Service'}
CVE-2018-1091;{'Denial Of Service', 'Overflow'}
CVE-2018-1087;set()
CVE-2018-1068;set()
CVE-2018-1066;set()
CVE-2018-1065;{'Denial Of Service'}
CVE-2017-1000410;{'Obtain Information', 'Bypass a restriction or similar'}
CVE-2017-1000407;{'Denial Of Service'}
CVE-2017-1000405;set()
CVE-2017-1000380;{'Obtain Information'}
CVE-2017-1000379;set()
CVE-2017-1000377;{'Bypass a restriction or similar', 'Overflow'}
CVE-2017-1000371;set()
CVE-2017-1000370;set()
CVE-2017-1000365;{'Bypass a restriction or similar'}
CVE-2017-1000364;{'Bypass a restriction or similar', 'Overflow'}
CVE-2017-1000363;{'Overflow'}
CVE-2017-1000255;set()
CVE-2017-1000252;{'Denial Of Service'}
CVE-2017-1000251;{'Execute Code', 'Overflow'}
CVE-2017-1000112;{'Memory corruption'}
CVE-2017-1000111;set()
CVE-2017-18595;set()
CVE-2017-18552;set()
CVE-2017-18551;set()
CVE-2017-18550;{'Obtain Information'}
CVE-2017-18549;{'Obtain Information'}
CVE-2017-18509;{'Execute Code'}
CVE-2017-18379;{'Overflow'}
CVE-2017-18360;{'Denial Of Service'}
CVE-2017-18344;set()
CVE-2017-18270;{'Denial Of Service'}
CVE-2017-18261;{'Denial Of Service'}
CVE-2017-18257;{'Denial Of Service', 'Overflow'}
CVE-2017-18255;{'Denial Of Service', 'Overflow'}
CVE-2017-18249;{'Denial Of Service'}
CVE-2017-18241;{'Denial Of Service'}
CVE-2017-18232;{'Denial Of Service'}
CVE-2017-18224;{'Denial Of Service'}
CVE-2017-18222;{'Denial Of Service', 'Memory corruption', 'Overflow'}
CVE-2017-18221;{'Denial Of Service'}
CVE-2017-18218;{'Denial Of Service'}
CVE-2017-18216;{'Denial Of Service'}
CVE-2017-18208;{'Denial Of Service'}
CVE-2017-18204;{'Denial Of Service'}
CVE-2017-18203;{'Denial Of Service'}
CVE-2017-18202;{'Denial Of Service'}
CVE-2017-18200;{'Denial Of Service'}
CVE-2017-18193;{'Denial Of Service', 'Overflow'}
CVE-2017-18174;set()
CVE-2017-18079;{'Denial Of Service'}
CVE-2017-18075;{'Denial Of Service'}
CVE-2017-18017;{'Denial Of Service', 'Memory corruption'}
CVE-2017-17975;{'Denial Of Service'}
CVE-2017-17864;{'Obtain Information'}
CVE-2017-17863;{'Denial Of Service', 'Overflow'}
CVE-2017-17862;{'Denial Of Service'}
CVE-2017-17857;{'Denial Of Service', 'Memory corruption', 'Overflow'}
CVE-2017-17856;{'Denial Of Service', 'Memory corruption', 'Overflow'}
CVE-2017-17855;{'Denial Of Service', 'Memory corruption', 'Overflow'}
CVE-2017-17854;{'Denial Of Service', 'Memory corruption', 'Overflow'}
CVE-2017-17853;{'Denial Of Service', 'Memory corruption', 'Overflow'}
CVE-2017-17852;{'Denial Of Service', 'Memory corruption', 'Overflow'}
CVE-2017-17807;set()
CVE-2017-17806;{'Overflow'}
CVE-2017-17805;{'Denial Of Service'}
CVE-2017-17741;{'Obtain Information'}
CVE-2017-17712;{'Gain privileges', 'Execute Code'}
CVE-2017-17558;{'Denial Of Service'}
CVE-2017-17450;{'Bypass a restriction or similar'}
CVE-2017-17449;{'Obtain Information'}
CVE-2017-17448;{'Bypass a restriction or similar'}
CVE-2017-17053;set()
CVE-2017-17052;set()
CVE-2017-16996;{'Denial Of Service', 'Memory corruption', 'Overflow'}
CVE-2017-16995;{'Denial Of Service', 'Memory corruption', 'Overflow'}
CVE-2017-16994;{'Obtain Information'}
CVE-2017-16939;{'Denial Of Service', 'Gain privileges'}
CVE-2017-16914;{'Denial Of Service'}
CVE-2017-16913;{'Denial Of Service', 'Overflow'}
CVE-2017-16912;{'Denial Of Service'}
CVE-2017-16911;{'Obtain Information'}
CVE-2017-16650;{'Denial Of Service'}
CVE-2017-16649;{'Denial Of Service'}
CVE-2017-16648;{'Denial Of Service'}
CVE-2017-16647;{'Denial Of Service'}
CVE-2017-16646;{'Denial Of Service'}
CVE-2017-16645;{'Denial Of Service'}
CVE-2017-16644;{'Denial Of Service'}
CVE-2017-16643;{'Denial Of Service'}
CVE-2017-16538;{'Denial Of Service'}
CVE-2017-16537;{'Denial Of Service'}
CVE-2017-16536;{'Denial Of Service'}
CVE-2017-16535;{'Denial Of Service'}
CVE-2017-16534;{'Denial Of Service', 'Overflow'}
CVE-2017-16533;{'Denial Of Service'}
CVE-2017-16532;{'Denial Of Service'}
CVE-2017-16531;{'Denial Of Service', 'Overflow'}
CVE-2017-16530;{'Denial Of Service'}
CVE-2017-16529;{'Denial Of Service'}
CVE-2017-16528;{'Denial Of Service'}
CVE-2017-16527;{'Denial Of Service'}
CVE-2017-16526;{'Denial Of Service', 'Overflow'}
CVE-2017-16525;{'Denial Of Service'}
CVE-2017-15951;{'Denial Of Service'}
CVE-2017-15868;{'Gain privileges'}
CVE-2017-15649;{'Gain privileges'}
CVE-2017-15537;{'Obtain Information'}
CVE-2017-15306;{'Denial Of Service'}
CVE-2017-15299;{'Denial Of Service'}
CVE-2017-15274;{'Denial Of Service'}
CVE-2017-15265;{'Denial Of Service'}
CVE-2017-15129;{'Memory corruption'}
CVE-2017-15128;{'Denial Of Service', 'Overflow'}
CVE-2017-15127;{'Denial Of Service'}
CVE-2017-15126;set()
CVE-2017-15116;{'Denial Of Service'}
CVE-2017-15115;{'Denial Of Service'}
CVE-2017-15102;{'Gain privileges'}
CVE-2017-14991;{'Obtain Information'}
CVE-2017-14954;{'Obtain Information', 'Bypass a restriction or similar'}
CVE-2017-14497;{'Denial Of Service', 'Memory corruption', 'Overflow'}
CVE-2017-14489;{'Denial Of Service'}
CVE-2017-14340;{'Denial Of Service'}
CVE-2017-14156;{'Obtain Information'}
CVE-2017-14140;{'Obtain Information'}
CVE-2017-14106;{'Denial Of Service'}
CVE-2017-14051;{'Denial Of Service', 'Memory corruption', 'Overflow'}
CVE-2017-13715;{'Denial Of Service', 'Execute Code'}
CVE-2017-13695;{'Obtain Information', 'Bypass a restriction or similar'}
CVE-2017-13694;{'Obtain Information', 'Bypass a restriction or similar'}
CVE-2017-13693;{'Obtain Information', 'Bypass a restriction or similar'}
CVE-2017-13686;{'Denial Of Service'}
CVE-2017-12762;{'Overflow'}
CVE-2017-12193;{'Denial Of Service'}
CVE-2017-12192;{'Denial Of Service'}
CVE-2017-12190;set()
CVE-2017-12188;{'Denial Of Service', 'Directory traversal', 'Execute Code'}
CVE-2017-12168;{'Denial Of Service'}
CVE-2017-12154;set()
CVE-2017-12153;set()
CVE-2017-12146;{'Gain privileges'}
CVE-2017-11600;{'Denial Of Service'}
CVE-2017-11473;{'Gain privileges', 'Overflow'}
CVE-2017-11472;{'Obtain Information', 'Bypass a restriction or similar'}
CVE-2017-11176;{'Denial Of Service'}
CVE-2017-10911;{'Obtain Information'}
CVE-2017-10810;{'Denial Of Service'}
CVE-2017-10663;{'Gain privileges'}
CVE-2017-10662;{'Gain privileges'}
CVE-2017-10661;{'Denial Of Service', 'Gain privileges'}
CVE-2017-9986;{'Denial Of Service'}
CVE-2017-9985;{'Denial Of Service'}
CVE-2017-9984;{'Denial Of Service'}
CVE-2017-9605;{'Obtain Information'}
CVE-2017-9242;{'Denial Of Service'}
CVE-2017-9211;{'Denial Of Service'}
CVE-2017-9150;{'Obtain Information'}
CVE-2017-9077;{'Denial Of Service'}
CVE-2017-9076;{'Denial Of Service'}
CVE-2017-9075;{'Denial Of Service'}
CVE-2017-9074;{'Denial Of Service'}
CVE-2017-9059;{'Denial Of Service'}
CVE-2017-8925;{'Denial Of Service'}
CVE-2017-8924;{'Obtain Information'}
CVE-2017-8890;{'Denial Of Service'}
CVE-2017-8831;{'Denial Of Service'}
CVE-2017-8824;{'Denial Of Service', 'Gain privileges'}
CVE-2017-8797;set()
CVE-2017-8246;set()
CVE-2017-8245;{'Overflow'}
CVE-2017-8244;{'Overflow'}
CVE-2017-8106;{'Denial Of Service'}
CVE-2017-8072;set()
CVE-2017-8071;{'Denial Of Service'}
CVE-2017-8070;{'Denial Of Service', 'Memory corruption', 'Overflow'}
CVE-2017-8069;{'Denial Of Service', 'Memory corruption', 'Overflow'}
CVE-2017-8068;{'Denial Of Service', 'Memory corruption', 'Overflow'}
CVE-2017-8067;{'Denial Of Service', 'Memory corruption', 'Overflow'}
CVE-2017-8066;{'Denial Of Service', 'Memory corruption', 'Overflow'}
CVE-2017-8065;{'Denial Of Service', 'Memory corruption', 'Overflow'}
CVE-2017-8064;{'Denial Of Service', 'Memory corruption', 'Overflow'}
CVE-2017-8063;{'Denial Of Service', 'Overflow'}
CVE-2017-8062;{'Denial Of Service', 'Memory corruption', 'Overflow'}
CVE-2017-8061;{'Denial Of Service', 'Memory corruption', 'Overflow'}
CVE-2017-7979;{'Denial Of Service'}
CVE-2017-7895;{'Overflow'}
CVE-2017-7889;{'Bypass a restriction or similar'}
CVE-2017-7645;{'Denial Of Service'}
CVE-2017-7618;{'Denial Of Service'}
CVE-2017-7616;{'Obtain Information'}
CVE-2017-7558;{'Obtain Information'}
CVE-2017-7542;{'Denial Of Service', 'Overflow'}
CVE-2017-7541;{'Denial Of Service', 'Gain privileges', 'Overflow'}
CVE-2017-7533;{'Denial Of Service', 'Gain privileges', 'Memory corruption'}
CVE-2017-7518;set()
CVE-2017-7495;{'Obtain Information'}
CVE-2017-7487;{'Denial Of Service'}
CVE-2017-7482;{'Memory corruption'}
CVE-2017-7477;{'Denial Of Service', 'Overflow'}
CVE-2017-7472;{'Denial Of Service'}
CVE-2017-7374;{'Denial Of Service', 'Gain privileges'}
CVE-2017-7346;{'Denial Of Service'}
CVE-2017-7308;{'Denial Of Service', 'Gain privileges', 'Overflow'}
CVE-2017-7294;{'Denial Of Service', 'Gain privileges', 'Overflow'}
CVE-2017-7277;{'Obtain Information', 'Denial Of Service'}
CVE-2017-7273;{'Denial Of Service'}
CVE-2017-7261;{'Denial Of Service'}
CVE-2017-7187;{'Denial Of Service', 'Overflow'}
CVE-2017-7184;{'Denial Of Service'}
CVE-2017-6951;{'Denial Of Service'}
CVE-2017-6874;{'Denial Of Service'}
CVE-2017-6353;{'Denial Of Service'}
CVE-2017-6348;{'Denial Of Service'}
CVE-2017-6347;{'Denial Of Service'}
CVE-2017-6346;{'Denial Of Service'}
CVE-2017-6345;{'Denial Of Service'}
CVE-2017-6264;{'Execute Code'}
CVE-2017-6214;{'Denial Of Service'}
CVE-2017-6074;{'Denial Of Service'}
CVE-2017-6001;{'Gain privileges'}
CVE-2017-5986;{'Denial Of Service'}
CVE-2017-5972;{'Denial Of Service'}
CVE-2017-5970;{'Denial Of Service'}
CVE-2017-5967;{'Obtain Information'}
CVE-2017-5897;set()
CVE-2017-5669;{'Bypass a restriction or similar'}
CVE-2017-5577;{'Denial Of Service', 'Overflow'}
CVE-2017-5576;{'Denial Of Service', 'Overflow'}
CVE-2017-5551;{'Gain privileges'}
CVE-2017-5550;{'Obtain Information'}
CVE-2017-5549;{'Obtain Information'}
CVE-2017-5548;{'Denial Of Service', 'Memory corruption', 'Overflow'}
CVE-2017-5547;{'Denial Of Service', 'Memory corruption', 'Overflow'}
CVE-2017-5546;{'Denial Of Service'}
CVE-2017-2671;{'Denial Of Service'}
CVE-2017-2647;{'Denial Of Service', 'Gain privileges'}
CVE-2017-2636;{'Denial Of Service', 'Gain privileges'}
CVE-2017-2634;{'Memory corruption', 'Overflow'}
CVE-2017-2618;set()
CVE-2017-2596;{'Denial Of Service'}
CVE-2017-2584;{'Obtain Information', 'Denial Of Service'}
CVE-2017-2583;{'Denial Of Service', 'Gain privileges'}
CVE-2017-0651;{'Obtain Information'}
CVE-2017-0650;{'Obtain Information'}
CVE-2017-0648;{'Execute Code'}
CVE-2017-0634;{'Obtain Information'}
CVE-2017-0633;{'Obtain Information'}
CVE-2017-0632;{'Obtain Information'}
CVE-2017-0631;{'Obtain Information'}
CVE-2017-0630;{'Obtain Information'}
CVE-2017-0629;{'Obtain Information'}
CVE-2017-0628;{'Obtain Information'}
CVE-2017-0627;{'Obtain Information'}
CVE-2017-0626;{'Obtain Information'}
CVE-2017-0624;{'Obtain Information'}
CVE-2017-0623;{'Execute Code'}
CVE-2017-0622;{'Execute Code'}
CVE-2017-0621;{'Execute Code'}
CVE-2017-0620;{'Execute Code'}
CVE-2017-0619;{'Execute Code'}
CVE-2017-0614;{'Execute Code'}
CVE-2017-0613;{'Execute Code'}
CVE-2017-0612;{'Execute Code'}
CVE-2017-0611;{'Execute Code'}
CVE-2017-0610;{'Execute Code'}
CVE-2017-0609;{'Execute Code'}
CVE-2017-0608;{'Execute Code'}
CVE-2017-0607;{'Execute Code'}
CVE-2017-0606;{'Execute Code'}
CVE-2017-0586;{'Obtain Information'}
CVE-2017-0585;{'Obtain Information'}
CVE-2017-0584;{'Obtain Information'}
CVE-2017-0583;{'Execute Code'}
CVE-2017-0582;{'Execute Code'}
CVE-2017-0581;{'Execute Code'}
CVE-2017-0580;{'Execute Code'}
CVE-2017-0579;{'Execute Code'}
CVE-2017-0577;{'Execute Code'}
CVE-2017-0576;{'Execute Code'}
CVE-2017-0575;{'Execute Code'}
CVE-2017-0574;{'Execute Code'}
CVE-2017-0573;{'Execute Code'}
CVE-2017-0572;{'Execute Code'}
CVE-2017-0571;{'Execute Code'}
CVE-2017-0570;{'Execute Code'}
CVE-2017-0569;{'Execute Code'}
CVE-2017-0568;{'Execute Code'}
CVE-2017-0567;{'Execute Code'}
CVE-2017-0564;{'Execute Code'}
CVE-2017-0563;{'Execute Code'}
CVE-2017-0561;{'Execute Code'}
CVE-2017-0537;{'Obtain Information'}
CVE-2017-0536;{'Obtain Information'}
CVE-2017-0535;{'Obtain Information'}
CVE-2017-0534;{'Obtain Information'}
CVE-2017-0533;{'Obtain Information'}
CVE-2017-0531;{'Obtain Information'}
CVE-2017-0528;{'Execute Code', 'Bypass a restriction or similar'}
CVE-2017-0527;{'Execute Code'}
CVE-2017-0526;{'Execute Code'}
CVE-2017-0525;{'Execute Code'}
CVE-2017-0524;{'Execute Code'}
CVE-2017-0523;{'Execute Code'}
CVE-2017-0521;{'Execute Code'}
CVE-2017-0520;{'Execute Code'}
CVE-2017-0519;{'Execute Code'}
CVE-2017-0518;{'Execute Code'}
CVE-2017-0516;{'Execute Code'}
CVE-2017-0510;{'Execute Code'}
CVE-2017-0508;{'Execute Code'}
CVE-2017-0507;{'Execute Code'}
CVE-2017-0465;{'Execute Code'}
CVE-2017-0464;{'Execute Code'}
CVE-2017-0463;{'Execute Code'}
CVE-2017-0462;{'Execute Code'}
CVE-2017-0461;{'Obtain Information'}
CVE-2017-0460;{'Execute Code'}
CVE-2017-0459;{'Obtain Information'}
CVE-2017-0458;{'Execute Code'}
CVE-2017-0457;{'Execute Code'}
CVE-2017-0456;{'Execute Code'}
CVE-2017-0455;{'Obtain Information', 'Execute Code', 'Bypass a restriction or similar'}
CVE-2017-0454;{'Execute Code'}
CVE-2017-0453;{'Execute Code'}
CVE-2017-0452;{'Obtain Information'}
CVE-2017-0451;{'Obtain Information'}
CVE-2017-0449;{'Execute Code'}
CVE-2017-0448;{'Obtain Information'}
CVE-2017-0447;{'Execute Code'}
CVE-2017-0446;{'Execute Code'}
CVE-2017-0445;{'Execute Code'}
CVE-2017-0444;{'Execute Code'}
CVE-2017-0443;{'Execute Code'}
CVE-2017-0442;{'Execute Code'}
CVE-2017-0441;{'Execute Code'}
CVE-2017-0440;{'Execute Code'}
CVE-2017-0439;{'Execute Code'}
CVE-2017-0438;{'Execute Code'}
CVE-2017-0437;{'Execute Code'}
CVE-2017-0436;{'Execute Code'}
CVE-2017-0435;{'Execute Code'}
CVE-2017-0434;{'Execute Code'}
CVE-2017-0433;{'Execute Code'}
CVE-2017-0432;{'Execute Code'}
CVE-2017-0430;{'Execute Code'}
CVE-2017-0429;{'Execute Code'}
CVE-2017-0428;{'Execute Code'}
CVE-2017-0427;{'Execute Code'}
CVE-2017-0404;{'Execute Code'}
CVE-2017-0403;{'Execute Code'}
CVE-2017-0339;{'Execute Code'}
CVE-2017-0338;{'Execute Code'}
CVE-2017-0337;{'Execute Code'}
CVE-2017-0336;{'Obtain Information'}
CVE-2017-0335;{'Execute Code'}
CVE-2017-0334;{'Obtain Information'}
CVE-2017-0333;{'Execute Code'}
CVE-2017-0332;{'Execute Code'}
CVE-2017-0331;{'Execute Code'}
CVE-2017-0330;{'Obtain Information'}
CVE-2017-0329;{'Execute Code'}
CVE-2017-0328;{'Obtain Information'}
CVE-2017-0327;{'Execute Code'}
CVE-2017-0325;{'Execute Code'}
CVE-2017-0307;{'Execute Code'}
CVE-2017-0306;{'Execute Code'}
CVE-2016-10907;set()
CVE-2016-10906;set()
CVE-2016-10905;set()
CVE-2016-10764;{'Overflow'}
CVE-2016-10741;{'Denial Of Service'}
CVE-2016-10723;set()
CVE-2016-10318;{'Denial Of Service'}
CVE-2016-10296;{'Obtain Information'}
CVE-2016-10295;{'Obtain Information'}
CVE-2016-10294;{'Obtain Information'}
CVE-2016-10293;{'Obtain Information'}
CVE-2016-10292;{'Denial Of Service'}
CVE-2016-10291;{'Execute Code'}
CVE-2016-10290;{'Execute Code'}
CVE-2016-10289;{'Execute Code'}
CVE-2016-10288;{'Execute Code'}
CVE-2016-10287;{'Execute Code'}
CVE-2016-10286;{'Execute Code'}
CVE-2016-10285;{'Execute Code'}
CVE-2016-10284;{'Execute Code'}
CVE-2016-10283;{'Execute Code'}
CVE-2016-10277;{'Execute Code'}
CVE-2016-10229;{'Execute Code'}
CVE-2016-10208;{'Denial Of Service'}
CVE-2016-10200;{'Denial Of Service', 'Gain privileges'}
CVE-2016-10154;{'Denial Of Service', 'Memory corruption', 'Overflow'}
CVE-2016-10153;{'Denial Of Service', 'Memory corruption'}
CVE-2016-10150;{'Denial Of Service', 'Gain privileges'}
CVE-2016-10147;{'Denial Of Service'}
CVE-2016-10088;{'Denial Of Service'}
CVE-2016-10044;{'Gain privileges', 'Bypass a restriction or similar'}
CVE-2016-9919;{'Denial Of Service'}
CVE-2016-9806;{'Denial Of Service'}
CVE-2016-9794;{'Denial Of Service'}
CVE-2016-9793;{'Denial Of Service', 'Memory corruption', 'Overflow'}
CVE-2016-9777;{'Denial Of Service', 'Gain privileges'}
CVE-2016-9756;{'Obtain Information'}
CVE-2016-9755;{'Denial Of Service', 'Overflow'}
CVE-2016-9754;{'Gain privileges'}
CVE-2016-9685;{'Denial Of Service'}
CVE-2016-9644;set()
CVE-2016-9604;{'Bypass a restriction or similar'}
CVE-2016-9588;{'Denial Of Service'}
CVE-2016-9576;{'Denial Of Service'}
CVE-2016-9555;{'Denial Of Service'}
CVE-2016-9313;{'Denial Of Service'}
CVE-2016-9191;{'Denial Of Service'}
CVE-2016-9178;{'Obtain Information'}
CVE-2016-9120;{'Denial Of Service', 'Gain privileges'}
CVE-2016-9084;{'Denial Of Service', 'Overflow'}
CVE-2016-9083;{'Denial Of Service', 'Bypass a restriction or similar', 'Memory corruption', 'Overflow'}
CVE-2016-8666;{'Denial Of Service'}
CVE-2016-8660;{'Denial Of Service'}
CVE-2016-8658;{'Denial Of Service', 'Overflow'}
CVE-2016-8655;{'Denial Of Service', 'Gain privileges'}
CVE-2016-8650;{'Denial Of Service', 'Memory corruption'}
CVE-2016-8646;{'Denial Of Service'}
CVE-2016-8645;{'Denial Of Service'}
CVE-2016-8636;{'Obtain Information', 'Denial Of Service', 'Memory corruption', 'Overflow'}
CVE-2016-8633;{'Execute Code', 'Overflow'}
CVE-2016-8632;{'Denial Of Service', 'Gain privileges', 'Overflow'}
CVE-2016-8630;{'Denial Of Service'}
CVE-2016-8483;{'Obtain Information'}
CVE-2016-8481;{'Execute Code'}
CVE-2016-8480;{'Execute Code'}
CVE-2016-8479;{'Execute Code'}
CVE-2016-8478;{'Obtain Information'}
CVE-2016-8477;{'Obtain Information'}
CVE-2016-8476;{'Execute Code'}
CVE-2016-8475;{'Obtain Information'}
CVE-2016-8474;{'Obtain Information'}
CVE-2016-8473;{'Obtain Information'}
CVE-2016-8469;{'Obtain Information'}
CVE-2016-8468;{'Execute Code'}
CVE-2016-8466;{'Execute Code'}
CVE-2016-8465;{'Execute Code'}
CVE-2016-8464;{'Execute Code'}
CVE-2016-8463;{'Denial Of Service'}
CVE-2016-8461;{'Obtain Information'}
CVE-2016-8460;{'Obtain Information'}
CVE-2016-8459;{'Overflow'}
CVE-2016-8458;{'Execute Code'}
CVE-2016-8457;{'Execute Code'}
CVE-2016-8456;{'Execute Code'}
CVE-2016-8455;{'Execute Code'}
CVE-2016-8454;{'Execute Code'}
CVE-2016-8453;{'Execute Code'}
CVE-2016-8452;{'Execute Code'}
CVE-2016-8451;{'Execute Code'}
CVE-2016-8450;{'Execute Code'}
CVE-2016-8449;{'Execute Code'}
CVE-2016-8444;{'Execute Code'}
CVE-2016-8443;set()
CVE-2016-8442;set()
CVE-2016-8441;{'Overflow'}
CVE-2016-8440;{'Overflow'}
CVE-2016-8439;{'Overflow'}
CVE-2016-8438;{'Bypass a restriction or similar', 'Overflow'}
CVE-2016-8437;set()
CVE-2016-8436;{'Execute Code'}
CVE-2016-8435;{'Execute Code'}
CVE-2016-8434;{'Execute Code'}
CVE-2016-8432;{'Execute Code'}
CVE-2016-8431;{'Execute Code'}
CVE-2016-8430;{'Execute Code'}
CVE-2016-8429;{'Execute Code'}
CVE-2016-8428;{'Execute Code'}
CVE-2016-8427;{'Execute Code'}
CVE-2016-8426;{'Execute Code'}
CVE-2016-8425;{'Execute Code'}
CVE-2016-8424;{'Execute Code'}
CVE-2016-8421;{'Execute Code'}
CVE-2016-8420;{'Execute Code'}
CVE-2016-8419;{'Execute Code'}
CVE-2016-8417;{'Execute Code'}
CVE-2016-8416;{'Obtain Information'}
CVE-2016-8415;{'Execute Code'}
CVE-2016-8414;{'Obtain Information'}
CVE-2016-8413;{'Obtain Information'}
CVE-2016-8412;{'Execute Code'}
CVE-2016-8410;{'Obtain Information'}
CVE-2016-8409;{'Obtain Information'}
CVE-2016-8408;{'Obtain Information'}
CVE-2016-8407;{'Obtain Information'}
CVE-2016-8406;{'Obtain Information'}
CVE-2016-8405;{'Obtain Information'}
CVE-2016-8404;{'Obtain Information'}
CVE-2016-8403;{'Obtain Information'}
CVE-2016-8402;{'Obtain Information'}
CVE-2016-8401;{'Obtain Information'}
CVE-2016-8400;{'Obtain Information'}
CVE-2016-8399;{'Execute Code'}
CVE-2016-8398;set()
CVE-2016-8397;{'Obtain Information'}
CVE-2016-8395;{'Denial Of Service'}
CVE-2016-8394;{'Execute Code'}
CVE-2016-8393;{'Execute Code'}
CVE-2016-8392;{'Execute Code'}
CVE-2016-8391;{'Execute Code'}
CVE-2016-7917;{'Obtain Information', 'Denial Of Service'}
CVE-2016-7916;{'Obtain Information'}
CVE-2016-7915;{'Obtain Information', 'Denial Of Service'}
CVE-2016-7914;{'Obtain Information', 'Denial Of Service'}
CVE-2016-7913;{'Denial Of Service', 'Gain privileges'}
CVE-2016-7912;{'Gain privileges'}
CVE-2016-7911;{'Denial Of Service', 'Gain privileges'}
CVE-2016-7910;{'Gain privileges'}
CVE-2016-7425;{'Denial Of Service', 'Gain privileges', 'Overflow'}
CVE-2016-7117;{'Execute Code'}
CVE-2016-7097;{'Gain privileges'}
CVE-2016-7042;{'Denial Of Service', 'Memory corruption', 'Overflow'}
CVE-2016-7039;{'Denial Of Service'}
CVE-2016-6828;{'Denial Of Service'}
CVE-2016-6791;{'Execute Code'}
CVE-2016-6790;{'Gain privileges', 'Execute Code'}
CVE-2016-6789;{'Gain privileges', 'Execute Code'}
CVE-2016-6787;{'Gain privileges'}
CVE-2016-6786;{'Gain privileges'}
CVE-2016-6785;{'Execute Code'}
CVE-2016-6782;{'Execute Code'}
CVE-2016-6781;{'Execute Code'}
CVE-2016-6780;{'Execute Code'}
CVE-2016-6779;{'Execute Code'}
CVE-2016-6778;{'Execute Code'}
CVE-2016-6777;{'Execute Code'}
CVE-2016-6776;{'Execute Code'}
CVE-2016-6775;{'Execute Code'}
CVE-2016-6761;{'Gain privileges', 'Execute Code'}
CVE-2016-6760;{'Gain privileges', 'Execute Code'}
CVE-2016-6759;{'Gain privileges', 'Execute Code'}
CVE-2016-6758;{'Gain privileges', 'Execute Code'}
CVE-2016-6757;{'Obtain Information'}
CVE-2016-6756;{'Obtain Information'}
CVE-2016-6755;{'Execute Code'}
CVE-2016-6516;{'Denial Of Service', 'Gain privileges', 'Overflow'}
CVE-2016-6480;{'Denial Of Service'}
CVE-2016-6327;{'Denial Of Service'}
CVE-2016-6213;{'Denial Of Service'}
CVE-2016-6198;{'Denial Of Service'}
CVE-2016-6197;{'Denial Of Service'}
CVE-2016-6187;{'Gain privileges', 'Overflow'}
CVE-2016-6162;{'Denial Of Service'}
CVE-2016-6156;{'Denial Of Service'}
CVE-2016-6136;{'Bypass a restriction or similar'}
CVE-2016-6130;{'Obtain Information'}
CVE-2016-5870;{'Denial Of Service'}
CVE-2016-5856;{'Gain privileges'}
CVE-2016-5829;{'Denial Of Service', 'Overflow'}
CVE-2016-5828;{'Denial Of Service'}
CVE-2016-5728;{'Obtain Information', 'Denial Of Service', 'Memory corruption', 'Overflow'}
CVE-2016-5696;{'Obtain Information'}
CVE-2016-5412;{'Denial Of Service'}
CVE-2016-5400;{'Denial Of Service', 'Overflow'}
CVE-2016-5344;{'Denial Of Service', 'Overflow'}
CVE-2016-5343;{'Denial Of Service', 'Memory corruption', 'Overflow'}
CVE-2016-5342;{'Denial Of Service', 'Overflow'}
CVE-2016-5340;{'Bypass a restriction or similar'}
CVE-2016-5244;{'Obtain Information'}
CVE-2016-5243;{'Obtain Information'}
CVE-2016-5195;{'Gain privileges'}
CVE-2016-4998;{'Obtain Information', 'Denial Of Service', 'Overflow'}
CVE-2016-4997;{'Denial Of Service', 'Gain privileges', 'Memory corruption'}
CVE-2016-4951;{'Denial Of Service'}
CVE-2016-4913;{'Obtain Information'}
CVE-2016-4805;{'Denial Of Service', 'Memory corruption'}
CVE-2016-4794;{'Denial Of Service'}
CVE-2016-4581;{'Denial Of Service'}
CVE-2016-4580;{'Obtain Information'}
CVE-2016-4578;{'Obtain Information'}
CVE-2016-4569;{'Obtain Information'}
CVE-2016-4568;{'Denial Of Service', 'Overflow'}
CVE-2016-4565;{'Denial Of Service'}
CVE-2016-4558;{'Denial Of Service'}
CVE-2016-4557;{'Denial Of Service', 'Gain privileges'}
CVE-2016-4486;{'Obtain Information'}
CVE-2016-4485;{'Obtain Information'}
CVE-2016-4482;{'Obtain Information'}
CVE-2016-4470;{'Denial Of Service'}
CVE-2016-4440;{'Denial Of Service', 'Execute Code'}
CVE-2016-3955;{'Denial Of Service', 'Overflow'}
CVE-2016-3951;{'Denial Of Service'}
CVE-2016-3841;{'Denial Of Service', 'Gain privileges'}
CVE-2016-3713;{'Obtain Information', 'Denial Of Service'}
CVE-2016-3699;{'Execute Code', 'Bypass a restriction or similar'}
CVE-2016-3695;{'Denial Of Service'}
CVE-2016-3689;{'Denial Of Service'}
CVE-2016-3672;{'Bypass a restriction or similar'}
CVE-2016-3156;{'Denial Of Service'}
CVE-2016-3140;{'Denial Of Service'}
CVE-2016-3139;{'Denial Of Service'}
CVE-2016-3138;{'Denial Of Service'}
CVE-2016-3137;{'Denial Of Service'}
CVE-2016-3136;{'Denial Of Service'}
CVE-2016-3135;{'Denial Of Service', 'Gain privileges', 'Memory corruption', 'Overflow'}
CVE-2016-3134;{'Denial Of Service', 'Gain privileges', 'Memory corruption', 'Overflow'}
CVE-2016-3070;{'Denial Of Service'}
CVE-2016-2854;{'Gain privileges'}
CVE-2016-2853;{'Gain privileges'}
CVE-2016-2847;{'Denial Of Service'}
CVE-2016-2782;{'Denial Of Service'}
CVE-2016-2550;{'Denial Of Service', 'Bypass a restriction or similar'}
CVE-2016-2549;{'Denial Of Service'}
CVE-2016-2548;{'Denial Of Service'}
CVE-2016-2547;{'Denial Of Service'}
CVE-2016-2546;{'Denial Of Service'}
CVE-2016-2545;{'Denial Of Service'}
CVE-2016-2544;{'Denial Of Service'}
CVE-2016-2543;{'Denial Of Service'}
CVE-2016-2384;{'Denial Of Service'}
CVE-2016-2383;{'Obtain Information'}
CVE-2016-2188;{'Denial Of Service'}
CVE-2016-2187;{'Denial Of Service'}
CVE-2016-2186;{'Denial Of Service'}
CVE-2016-2185;{'Denial Of Service'}
CVE-2016-2184;{'Denial Of Service'}
CVE-2016-2143;{'Denial Of Service'}
CVE-2016-2117;{'Obtain Information'}
CVE-2016-2085;set()
CVE-2016-2070;{'Denial Of Service'}
CVE-2016-2069;{'Gain privileges'}
CVE-2016-2068;{'Denial Of Service', 'Gain privileges', 'Overflow'}
CVE-2016-2067;{'Gain privileges'}
CVE-2016-2066;{'Denial Of Service', 'Gain privileges', 'Memory corruption', 'Overflow'}
CVE-2016-2065;{'Denial Of Service', 'Memory corruption'}
CVE-2016-2064;{'Denial Of Service'}
CVE-2016-2063;{'Denial Of Service', 'Overflow'}
CVE-2016-2062;{'Denial Of Service', 'Overflow'}
CVE-2016-2061;{'Denial Of Service', 'Gain privileges', 'Memory corruption', 'Overflow'}
CVE-2016-2059;{'Denial Of Service', 'Gain privileges'}
CVE-2016-2053;{'Denial Of Service'}
CVE-2016-1583;{'Denial Of Service', 'Gain privileges', 'Overflow'}
CVE-2016-1576;{'Gain privileges'}
CVE-2016-1575;{'Gain privileges'}
CVE-2016-1237;{'Bypass a restriction or similar'}
CVE-2016-0823;{'Obtain Information'}
CVE-2016-0821;{'Bypass a restriction or similar'}
CVE-2016-0774;{'Denial Of Service', 'Gain privileges'}
CVE-2016-0758;{'Gain privileges', 'Overflow'}
CVE-2016-0728;{'Denial Of Service', 'Gain privileges', 'Overflow'}
CVE-2016-0723;{'Obtain Information', 'Denial Of Service'}
CVE-2015-9289;{'Overflow'}
CVE-2015-9004;{'Gain privileges'}
CVE-2015-8970;{'Denial Of Service'}
CVE-2015-8967;{'Gain privileges', 'Bypass a restriction or similar'}
CVE-2015-8966;{'Gain privileges'}
CVE-2015-8964;{'Obtain Information'}
CVE-2015-8963;{'Denial Of Service', 'Gain privileges'}
CVE-2015-8962;{'Denial Of Service', 'Gain privileges', 'Memory corruption'}
CVE-2015-8961;{'Denial Of Service', 'Gain privileges'}
CVE-2015-8956;{'Obtain Information', 'Denial Of Service'}
CVE-2015-8955;{'Denial Of Service', 'Gain privileges'}
CVE-2015-8953;{'Denial Of Service'}
CVE-2015-8952;{'Denial Of Service'}
CVE-2015-8950;{'Obtain Information'}
CVE-2015-8944;{'Obtain Information'}
CVE-2015-8845;{'Denial Of Service'}
CVE-2015-8844;{'Denial Of Service'}
CVE-2015-8839;{'Denial Of Service'}
CVE-2015-8830;{'Denial Of Service', 'Overflow'}
CVE-2015-8816;{'Denial Of Service'}
CVE-2015-8812;{'Denial Of Service', 'Execute Code'}
CVE-2015-8787;{'Denial Of Service'}
CVE-2015-8785;{'Denial Of Service'}
CVE-2015-8767;{'Denial Of Service'}
CVE-2015-8746;{'Denial Of Service'}
CVE-2015-8709;{'Gain privileges'}
CVE-2015-8660;{'Bypass a restriction or similar'}
CVE-2015-8575;{'Obtain Information', 'Bypass a restriction or similar'}
CVE-2015-8569;{'Obtain Information', 'Bypass a restriction or similar'}
CVE-2015-8551;{'Denial Of Service'}
CVE-2015-8543;{'Denial Of Service', 'Gain privileges'}
CVE-2015-8539;{'Denial Of Service', 'Gain privileges'}
CVE-2015-8374;{'Obtain Information'}
CVE-2015-8324;{'Denial Of Service'}
CVE-2015-8215;{'Denial Of Service'}
CVE-2015-8104;{'Denial Of Service'}
CVE-2015-8019;{'Denial Of Service', 'Memory corruption'}
CVE-2015-7990;{'Denial Of Service'}
CVE-2015-7885;{'Obtain Information'}
CVE-2015-7884;{'Obtain Information'}
CVE-2015-7872;{'Denial Of Service'}
CVE-2015-7799;{'Denial Of Service'}
CVE-2015-7613;{'Gain privileges'}
CVE-2015-7566;{'Denial Of Service'}
CVE-2015-7550;{'Denial Of Service'}
CVE-2015-7515;{'Denial Of Service'}
CVE-2015-7513;{'Denial Of Service'}
CVE-2015-7509;{'Denial Of Service'}
CVE-2015-7312;{'Denial Of Service', 'Gain privileges'}
CVE-2015-6937;{'Denial Of Service'}
CVE-2015-6526;{'Denial Of Service'}
CVE-2015-6252;{'Denial Of Service'}
CVE-2015-5738;{'Obtain Information'}
CVE-2015-5707;{'Denial Of Service', 'Overflow'}
CVE-2015-5706;{'Denial Of Service'}
CVE-2015-5697;{'Obtain Information'}
CVE-2015-5366;{'Denial Of Service'}
CVE-2015-5364;{'Denial Of Service'}
CVE-2015-5327;set()
CVE-2015-5307;{'Denial Of Service'}
CVE-2015-5283;{'Denial Of Service', 'Memory corruption', 'Overflow'}
CVE-2015-5257;{'Denial Of Service'}
CVE-2015-5157;{'Gain privileges'}
CVE-2015-5156;{'Denial Of Service', 'Memory corruption', 'Overflow'}
CVE-2015-4700;{'Denial Of Service'}
CVE-2015-4692;{'Denial Of Service'}
CVE-2015-4178;{'Denial Of Service'}
CVE-2015-4177;{'Denial Of Service'}
CVE-2015-4176;{'Obtain Information'}
CVE-2015-4170;{'Denial Of Service'}
CVE-2015-4167;{'Denial Of Service', 'Overflow'}
CVE-2015-4036;{'Denial Of Service', 'Memory corruption', 'Overflow'}
CVE-2015-4004;{'Obtain Information', 'Denial Of Service', 'Overflow'}
CVE-2015-4003;{'Denial Of Service'}
CVE-2015-4002;{'Denial Of Service', 'Execute Code', 'Overflow'}
CVE-2015-4001;{'Denial Of Service', 'Execute Code'}
CVE-2015-3636;{'Denial Of Service', 'Gain privileges'}
CVE-2015-3339;{'Gain privileges'}
CVE-2015-3332;{'Denial Of Service'}
CVE-2015-3331;{'Denial Of Service', 'Execute Code', 'Overflow'}
CVE-2015-3291;{'Denial Of Service'}
CVE-2015-3290;{'Gain privileges'}
CVE-2015-3288;{'Denial Of Service', 'Gain privileges'}
CVE-2015-3214;{'Execute Code', 'Overflow'}
CVE-2015-3212;{'Denial Of Service'}
CVE-2015-2925;{'Bypass a restriction or similar'}
CVE-2015-2922;set()
CVE-2015-2877;{'Obtain Information'}
CVE-2015-2830;{'Bypass a restriction or similar'}
CVE-2015-2686;{'Gain privileges'}
CVE-2015-2672;{'Denial Of Service'}
CVE-2015-2666;{'Gain privileges', 'Overflow'}
CVE-2015-2150;{'Denial Of Service'}
CVE-2015-2042;{'Obtain Information'}
CVE-2015-2041;{'Obtain Information'}
CVE-2015-1805;{'Denial Of Service', 'Gain privileges'}
CVE-2015-1593;{'Bypass a restriction or similar'}
CVE-2015-1573;{'Denial Of Service'}
CVE-2015-1465;{'Denial Of Service'}
CVE-2015-1421;{'Denial Of Service'}
CVE-2015-1420;{'Bypass a restriction or similar'}
CVE-2015-1350;{'Denial Of Service'}
CVE-2015-1339;{'Denial Of Service'}
CVE-2015-1333;{'Denial Of Service', 'Overflow'}
CVE-2015-1328;set()
CVE-2015-1212;{'Denial Of Service'}
CVE-2015-1211;{'Gain privileges'}
CVE-2015-1210;{'Bypass a restriction or similar'}
CVE-2015-1209;{'Denial Of Service'}
CVE-2015-0797;{'Denial Of Service', 'Execute Code', 'Overflow'}
CVE-2015-0573;{'Denial Of Service'}
CVE-2015-0572;{'Denial Of Service'}
CVE-2015-0571;{'Gain privileges'}
CVE-2015-0570;{'Gain privileges', 'Overflow'}
CVE-2015-0569;{'Gain privileges', 'Overflow'}
CVE-2015-0568;{'Denial Of Service', 'Gain privileges', 'Memory corruption'}
CVE-2015-0312;{'Execute Code'}
CVE-2015-0275;{'Denial Of Service'}
CVE-2015-0274;{'Denial Of Service', 'Gain privileges'}
CVE-2015-0239;{'Denial Of Service', 'Gain privileges'}
CVE-2014-9940;{'Denial Of Service', 'Gain privileges'}
CVE-2014-9922;{'Gain privileges'}
CVE-2014-9914;{'Denial Of Service', 'Gain privileges'}
CVE-2014-9904;{'Denial Of Service', 'Overflow'}
CVE-2014-9903;{'Obtain Information'}
CVE-2014-9900;{'Obtain Information'}
CVE-2014-9895;{'Obtain Information'}
CVE-2014-9892;{'Obtain Information'}
CVE-2014-9888;{'Gain privileges'}
CVE-2014-9870;{'Gain privileges'}
CVE-2014-9803;{'Gain privileges'}
CVE-2014-9731;{'Obtain Information'}
CVE-2014-9730;{'Denial Of Service'}
CVE-2014-9729;{'Denial Of Service'}
CVE-2014-9728;{'Denial Of Service', 'Overflow'}
CVE-2014-9717;{'Bypass a restriction or similar'}
CVE-2014-9715;{'Denial Of Service'}
CVE-2014-9710;{'Gain privileges', 'Bypass a restriction or similar'}
CVE-2014-9683;{'Denial Of Service', 'Gain privileges', 'Overflow'}
CVE-2014-9644;set()
CVE-2014-9585;{'Bypass a restriction or similar'}
CVE-2014-9584;{'Obtain Information'}
CVE-2014-9529;{'Denial Of Service', 'Memory corruption'}
CVE-2014-9428;{'Denial Of Service'}
CVE-2014-9420;{'Denial Of Service'}
CVE-2014-9419;{'Obtain Information', 'Bypass a restriction or similar'}
CVE-2014-9410;{'Denial Of Service', 'Gain privileges', 'Memory corruption'}
CVE-2014-9322;{'Gain privileges'}
CVE-2014-9090;{'Denial Of Service'}
CVE-2014-8989;{'Bypass a restriction or similar'}
CVE-2014-8884;{'Denial Of Service', 'Gain privileges', 'Overflow'}
CVE-2014-8709;{'Obtain Information'}
CVE-2014-8559;{'Denial Of Service'}
CVE-2014-8481;{'Denial Of Service'}
CVE-2014-8480;{'Denial Of Service'}
CVE-2014-8369;{'Denial Of Service'}
CVE-2014-8173;{'Denial Of Service'}
CVE-2014-8172;{'Denial Of Service'}
CVE-2014-8171;{'Denial Of Service'}
CVE-2014-8160;{'Bypass a restriction or similar'}
CVE-2014-8159;{'Denial Of Service', 'Gain privileges'}
CVE-2014-8134;{'Bypass a restriction or similar'}
CVE-2014-8133;{'Bypass a restriction or similar'}
CVE-2014-8086;{'Denial Of Service'}
CVE-2014-7975;{'Denial Of Service'}
CVE-2014-7970;{'Denial Of Service'}
CVE-2014-7843;{'Denial Of Service'}
CVE-2014-7842;{'Denial Of Service'}
CVE-2014-7841;{'Denial Of Service'}
CVE-2014-7826;{'Denial Of Service', 'Gain privileges'}
CVE-2014-7825;{'Denial Of Service', 'Bypass a restriction or similar', 'Overflow'}
CVE-2014-7822;{'Denial Of Service'}
CVE-2014-7284;{'Obtain Information'}
CVE-2014-7283;{'Denial Of Service'}
CVE-2014-7207;{'Denial Of Service'}
CVE-2014-7145;{'Denial Of Service'}
CVE-2014-6418;{'Denial Of Service'}
CVE-2014-6417;{'Denial Of Service'}
CVE-2014-6416;{'Denial Of Service', 'Memory corruption', 'Overflow'}
CVE-2014-6410;{'Denial Of Service'}
CVE-2014-6184;{'Gain privileges', 'Overflow'}
CVE-2014-5472;{'Denial Of Service'}
CVE-2014-5471;{'Denial Of Service'}
CVE-2014-5332;{'Gain privileges'}
CVE-2014-5207;{'Denial Of Service', 'Gain privileges'}
CVE-2014-5206;{'Bypass a restriction or similar'}
CVE-2014-5077;{'Denial Of Service'}
CVE-2014-5045;{'Denial Of Service'}
CVE-2014-4943;{'Gain privileges'}
CVE-2014-4699;{'Denial Of Service', 'Gain privileges'}
CVE-2014-4667;{'Denial Of Service'}
CVE-2014-4656;{'Denial Of Service', 'Overflow'}
CVE-2014-4655;{'Denial Of Service', 'Bypass a restriction or similar', 'Overflow'}
CVE-2014-4654;{'Denial Of Service'}
CVE-2014-4653;{'Obtain Information', 'Denial Of Service'}
CVE-2014-4652;{'Obtain Information'}
CVE-2014-4608;{'Denial Of Service', 'Memory corruption', 'Overflow'}
CVE-2014-4508;{'Denial Of Service'}
CVE-2014-4323;{'Gain privileges'}
CVE-2014-4322;{'Denial Of Service', 'Gain privileges', 'Memory corruption', 'Overflow'}
CVE-2014-4171;{'Denial Of Service'}
CVE-2014-4157;{'Bypass a restriction or similar'}
CVE-2014-4027;{'Obtain Information'}
CVE-2014-4014;{'Bypass a restriction or similar'}
CVE-2014-3985;{'Denial Of Service', 'Overflow'}
CVE-2014-3940;{'Denial Of Service', 'Memory corruption'}
CVE-2014-3917;{'Obtain Information', 'Denial Of Service'}
CVE-2014-3690;{'Denial Of Service'}
CVE-2014-3688;{'Denial Of Service'}
CVE-2014-3687;{'Denial Of Service'}
CVE-2014-3673;{'Denial Of Service'}
CVE-2014-3647;{'Denial Of Service'}
CVE-2014-3646;{'Denial Of Service'}
CVE-2014-3645;{'Denial Of Service'}
CVE-2014-3631;{'Denial Of Service'}
CVE-2014-3611;{'Denial Of Service'}
CVE-2014-3610;{'Denial Of Service'}
CVE-2014-3601;{'Denial Of Service', 'Memory corruption'}
CVE-2014-3535;{'Denial Of Service', 'Overflow'}
CVE-2014-3534;{'Gain privileges'}
CVE-2014-3186;{'Denial Of Service', 'Execute Code', 'Overflow'}
CVE-2014-3185;{'Denial Of Service', 'Memory corruption', 'Execute Code', 'Overflow'}
CVE-2014-3184;{'Denial Of Service', 'Overflow'}
CVE-2014-3183;{'Denial Of Service', 'Execute Code', 'Overflow'}
CVE-2014-3182;{'Denial Of Service', 'Execute Code', 'Overflow'}
CVE-2014-3181;{'Denial Of Service', 'Execute Code', 'Overflow'}
CVE-2014-3153;{'Gain privileges'}
CVE-2014-3145;{'Denial Of Service'}
CVE-2014-3144;{'Denial Of Service'}
CVE-2014-3122;{'Denial Of Service'}
CVE-2014-2889;{'Denial Of Service', 'Gain privileges'}
CVE-2014-2851;{'Denial Of Service', 'Gain privileges', 'Overflow'}
CVE-2014-2739;{'Denial Of Service'}
CVE-2014-2706;{'Denial Of Service'}
CVE-2014-2678;{'Denial Of Service'}
CVE-2014-2673;{'Denial Of Service'}
CVE-2014-2672;{'Denial Of Service'}
CVE-2014-2648;{'Execute Code'}
CVE-2014-2608;{'Obtain Information', 'Gain privileges'}
CVE-2014-2523;{'Denial Of Service', 'Execute Code'}
CVE-2014-2309;{'Denial Of Service'}
CVE-2014-2039;{'Denial Of Service'}
CVE-2014-2038;{'Obtain Information'}
CVE-2014-1874;{'Denial Of Service'}
CVE-2014-1739;{'Obtain Information'}
CVE-2014-1738;{'Obtain Information'}
CVE-2014-1737;{'Gain privileges'}
CVE-2014-1690;{'Obtain Information', 'Overflow'}
CVE-2014-1446;{'Obtain Information'}
CVE-2014-1445;{'Obtain Information'}
CVE-2014-1444;{'Obtain Information'}
CVE-2014-1438;{'Denial Of Service', 'Gain privileges'}
CVE-2014-0206;{'Obtain Information'}
CVE-2014-0205;{'Denial Of Service', 'Gain privileges', 'Overflow'}
CVE-2014-0203;{'Denial Of Service'}
CVE-2014-0196;{'Denial Of Service', 'Gain privileges', 'Memory corruption'}
CVE-2014-0181;{'Bypass a restriction or similar'}
CVE-2014-0155;{'Denial Of Service'}
CVE-2014-0102;{'Denial Of Service'}
CVE-2014-0101;{'Denial Of Service'}
CVE-2014-0100;{'Denial Of Service'}
CVE-2014-0077;{'Denial Of Service', 'Gain privileges', 'Memory corruption'}
CVE-2014-0069;{'Gain privileges', 'Overflow', 'Denial Of Service', 'Obtain Information', 'Memory corruption'}
CVE-2014-0049;{'Execute Code', 'Overflow'}
CVE-2014-0038;{'Gain privileges'}
CVE-2013-7470;{'Denial Of Service'}
CVE-2013-7446;{'Denial Of Service', 'Bypass a restriction or similar'}
CVE-2013-7421;set()
CVE-2013-7348;{'Denial Of Service'}
CVE-2013-7339;{'Denial Of Service'}
CVE-2013-7281;{'Obtain Information'}
CVE-2013-7271;{'Obtain Information'}
CVE-2013-7270;{'Obtain Information'}
CVE-2013-7269;{'Obtain Information'}
CVE-2013-7268;{'Obtain Information'}
CVE-2013-7267;{'Obtain Information'}
CVE-2013-7266;{'Obtain Information'}
CVE-2013-7265;{'Obtain Information'}
CVE-2013-7264;{'Obtain Information'}
CVE-2013-7263;{'Obtain Information'}
CVE-2013-7027;{'Denial Of Service', 'Overflow'}
CVE-2013-7026;{'Denial Of Service'}
CVE-2013-6763;{'Denial Of Service', 'Gain privileges', 'Memory corruption', 'Overflow'}
CVE-2013-6432;{'Denial Of Service'}
CVE-2013-6431;{'Denial Of Service'}
CVE-2013-6383;{'Bypass a restriction or similar'}
CVE-2013-6382;{'Denial Of Service', 'Memory corruption', 'Overflow'}
CVE-2013-6381;{'Denial Of Service', 'Overflow'}
CVE-2013-6380;{'Denial Of Service'}
CVE-2013-6378;{'Denial Of Service'}
CVE-2013-6376;{'Denial Of Service'}
CVE-2013-6368;{'Denial Of Service', 'Gain privileges'}
CVE-2013-6367;{'Denial Of Service'}
CVE-2013-6335;{'Bypass a restriction or similar'}
CVE-2013-6282;set()
CVE-2013-5634;{'Denial Of Service'}
CVE-2013-4592;{'Denial Of Service'}
CVE-2013-4591;{'Denial Of Service', 'Memory corruption', 'Overflow'}
CVE-2013-4588;{'Gain privileges', 'Overflow'}
CVE-2013-4587;{'Gain privileges'}
CVE-2013-4579;set()
CVE-2013-4563;{'Denial Of Service'}
CVE-2013-4516;{'Obtain Information'}
CVE-2013-4515;{'Obtain Information'}
CVE-2013-4514;{'Denial Of Service', 'Overflow'}
CVE-2013-4513;{'Denial Of Service', 'Overflow'}
CVE-2013-4512;{'Denial Of Service', 'Overflow'}
CVE-2013-4511;{'Gain privileges', 'Overflow'}
CVE-2013-4483;{'Denial Of Service'}
CVE-2013-4470;{'Denial Of Service', 'Gain privileges', 'Memory corruption'}
CVE-2013-4387;{'Denial Of Service', 'Memory corruption', 'Overflow'}
CVE-2013-4350;{'Obtain Information'}
CVE-2013-4348;{'Denial Of Service'}
CVE-2013-4345;set()
CVE-2013-4343;{'Gain privileges'}
CVE-2013-4312;{'Denial Of Service', 'Bypass a restriction or similar', 'Overflow'}
CVE-2013-4300;{'Gain privileges'}
CVE-2013-4299;{'Obtain Information'}
CVE-2013-4270;{'Bypass a restriction or similar'}
CVE-2013-4254;{'Denial Of Service', 'Gain privileges'}
CVE-2013-4247;{'Denial Of Service', 'Memory corruption'}
CVE-2013-4220;{'Denial Of Service'}
CVE-2013-4205;{'Denial Of Service'}
CVE-2013-4163;{'Denial Of Service'}
CVE-2013-4162;{'Denial Of Service'}
CVE-2013-4129;{'Denial Of Service'}
CVE-2013-4127;{'Denial Of Service'}
CVE-2013-4125;{'Denial Of Service'}
CVE-2013-3302;{'Denial Of Service'}
CVE-2013-3301;{'Denial Of Service'}
CVE-2013-3237;{'Obtain Information'}
CVE-2013-3236;{'Obtain Information'}
CVE-2013-3235;{'Obtain Information'}
CVE-2013-3234;{'Obtain Information'}
CVE-2013-3233;{'Obtain Information'}
CVE-2013-3232;{'Obtain Information'}
CVE-2013-3231;{'Obtain Information'}
CVE-2013-3230;{'Obtain Information'}
CVE-2013-3229;{'Obtain Information'}
CVE-2013-3228;{'Obtain Information'}
CVE-2013-3227;{'Obtain Information'}
CVE-2013-3226;{'Obtain Information'}
CVE-2013-3225;{'Obtain Information'}
CVE-2013-3224;{'Obtain Information'}
CVE-2013-3223;{'Obtain Information'}
CVE-2013-3222;{'Obtain Information'}
CVE-2013-3076;{'Obtain Information'}
CVE-2013-2930;set()
CVE-2013-2929;{'Obtain Information', 'Bypass a restriction or similar'}
CVE-2013-2899;{'Denial Of Service', 'Overflow'}
CVE-2013-2898;{'Obtain Information'}
CVE-2013-2897;{'Denial Of Service', 'Memory corruption'}
CVE-2013-2896;{'Denial Of Service'}
CVE-2013-2895;{'Obtain Information', 'Denial Of Service', 'Overflow'}
CVE-2013-2894;{'Denial Of Service', 'Overflow'}
CVE-2013-2893;{'Denial Of Service', 'Overflow'}
CVE-2013-2892;{'Denial Of Service', 'Overflow'}
CVE-2013-2891;{'Denial Of Service', 'Overflow'}
CVE-2013-2890;{'Denial Of Service', 'Overflow'}
CVE-2013-2889;{'Denial Of Service', 'Overflow'}
CVE-2013-2888;{'Denial Of Service', 'Memory corruption', 'Execute Code'}
CVE-2013-2852;{'Gain privileges'}
CVE-2013-2851;{'Gain privileges'}
CVE-2013-2850;{'Denial Of Service', 'Memory corruption', 'Execute Code', 'Overflow'}
CVE-2013-2636;{'Obtain Information'}
CVE-2013-2635;{'Obtain Information'}
CVE-2013-2634;{'Obtain Information'}
CVE-2013-2596;{'Gain privileges', 'Overflow'}
CVE-2013-2548;{'Obtain Information'}
CVE-2013-2547;{'Obtain Information'}
CVE-2013-2546;{'Obtain Information'}
CVE-2013-2237;{'Obtain Information', 'Overflow'}
CVE-2013-2234;{'Obtain Information', 'Overflow'}
CVE-2013-2232;{'Denial Of Service'}
CVE-2013-2206;{'Denial Of Service'}
CVE-2013-2164;{'Obtain Information'}
CVE-2013-2148;{'Obtain Information'}
CVE-2013-2147;{'Obtain Information'}
CVE-2013-2146;{'Denial Of Service'}
CVE-2013-2141;{'Obtain Information'}
CVE-2013-2140;{'Denial Of Service'}
CVE-2013-2128;{'Denial Of Service', 'Overflow'}
CVE-2013-2094;{'Gain privileges'}
CVE-2013-2058;{'Denial Of Service', 'Overflow'}
CVE-2013-2017;{'Denial Of Service'}
CVE-2013-2015;{'Denial Of Service'}
CVE-2013-1979;{'Gain privileges'}
CVE-2013-1959;{'Gain privileges'}
CVE-2013-1958;{'Bypass a restriction or similar'}
CVE-2013-1957;{'Bypass a restriction or similar'}
CVE-2013-1956;{'Bypass a restriction or similar'}
CVE-2013-1943;{'Obtain Information', 'Gain privileges'}
CVE-2013-1929;{'Denial Of Service', 'Execute Code', 'Overflow'}
CVE-2013-1928;{'Obtain Information'}
CVE-2013-1860;{'Denial Of Service', 'Execute Code', 'Overflow'}
CVE-2013-1858;{'Gain privileges'}
CVE-2013-1848;{'Gain privileges'}
CVE-2013-1828;{'Gain privileges'}
CVE-2013-1827;{'Denial Of Service', 'Gain privileges'}
CVE-2013-1826;{'Denial Of Service', 'Gain privileges'}
CVE-2013-1819;{'Denial Of Service'}
CVE-2013-1798;{'Obtain Information', 'Denial Of Service'}
CVE-2013-1797;{'Denial Of Service', 'Memory corruption'}
CVE-2013-1796;{'Denial Of Service', 'Memory corruption', 'Overflow'}
CVE-2013-1792;{'Denial Of Service'}
CVE-2013-1774;{'Denial Of Service'}
CVE-2013-1773;{'Denial Of Service', 'Gain privileges', 'Overflow'}
CVE-2013-1772;{'Denial Of Service', 'Overflow'}
CVE-2013-1767;{'Denial Of Service', 'Gain privileges'}
CVE-2013-1763;{'Gain privileges'}
CVE-2013-1059;{'Denial Of Service'}
CVE-2013-0914;{'Bypass a restriction or similar'}
CVE-2013-0913;{'Denial Of Service', 'Overflow'}
CVE-2013-0894;{'Denial Of Service', 'Overflow'}
CVE-2013-0871;{'Gain privileges'}
CVE-2013-0349;{'Obtain Information'}
CVE-2013-0343;{'Obtain Information', 'Denial Of Service'}
CVE-2013-0313;{'Denial Of Service'}
CVE-2013-0311;set()
CVE-2013-0310;{'Denial Of Service', 'Overflow'}
CVE-2013-0309;{'Denial Of Service', 'Overflow'}
CVE-2013-0290;{'Denial Of Service'}
CVE-2013-0268;{'Bypass a restriction or similar'}
CVE-2013-0231;{'Denial Of Service', 'Overflow'}
CVE-2013-0228;{'Gain privileges'}
CVE-2013-0217;{'Denial Of Service'}
CVE-2013-0216;{'Denial Of Service'}
CVE-2013-0190;{'Denial Of Service'}
CVE-2013-0160;{'Obtain Information'}
CVE-2012-6712;{'Memory corruption', 'Overflow'}
CVE-2012-6704;{'Denial Of Service', 'Memory corruption', 'Overflow'}
CVE-2012-6703;{'Denial Of Service', 'Overflow'}
CVE-2012-6701;{'Denial Of Service', 'Overflow'}
CVE-2012-6689;set()
CVE-2012-6657;{'Denial Of Service'}
CVE-2012-6647;{'Denial Of Service'}
CVE-2012-6638;{'Denial Of Service'}
CVE-2012-6549;{'Obtain Information'}
CVE-2012-6548;{'Obtain Information'}
CVE-2012-6547;{'Obtain Information'}
CVE-2012-6546;{'Obtain Information'}
CVE-2012-6545;{'Obtain Information'}
CVE-2012-6544;{'Obtain Information'}
CVE-2012-6543;{'Obtain Information'}
CVE-2012-6542;{'Obtain Information'}
CVE-2012-6541;{'Obtain Information'}
CVE-2012-6540;{'Obtain Information'}
CVE-2012-6539;{'Obtain Information'}
CVE-2012-6538;{'Obtain Information'}
CVE-2012-6537;{'Obtain Information'}
CVE-2012-6536;{'Obtain Information'}
CVE-2012-5532;{'Denial Of Service'}
CVE-2012-5517;{'Denial Of Service'}
CVE-2012-5375;{'Denial Of Service'}
CVE-2012-5374;{'Denial Of Service'}
CVE-2012-4565;{'Denial Of Service'}
CVE-2012-4542;{'Bypass a restriction or similar'}
CVE-2012-4530;{'Obtain Information'}
CVE-2012-4508;{'Obtain Information'}
CVE-2012-4467;{'Obtain Information', 'Denial Of Service'}
CVE-2012-4461;{'Denial Of Service'}
CVE-2012-4444;{'Bypass a restriction or similar'}
CVE-2012-4398;{'Denial Of Service'}
CVE-2012-3552;{'Denial Of Service'}
CVE-2012-3520;set()
CVE-2012-3511;{'Denial Of Service'}
CVE-2012-3510;{'Obtain Information', 'Denial Of Service'}
CVE-2012-3430;{'Obtain Information'}
CVE-2012-3412;{'Denial Of Service'}
CVE-2012-3400;{'Denial Of Service', 'Overflow'}
CVE-2012-3375;{'Denial Of Service'}
CVE-2012-3364;{'Denial Of Service', 'Execute Code', 'Overflow'}
CVE-2012-2745;{'Denial Of Service', 'Overflow'}
CVE-2012-2744;{'Denial Of Service'}
CVE-2012-2669;set()
CVE-2012-2390;{'Denial Of Service'}
CVE-2012-2384;{'Denial Of Service', 'Overflow'}
CVE-2012-2383;{'Denial Of Service', 'Overflow'}
CVE-2012-2375;{'Denial Of Service'}
CVE-2012-2373;{'Denial Of Service'}
CVE-2012-2372;{'Denial Of Service'}
CVE-2012-2319;{'Gain privileges', 'Overflow'}
CVE-2012-2313;set()
CVE-2012-2137;{'Denial Of Service', 'Execute Code', 'Overflow'}
CVE-2012-2136;{'Denial Of Service', 'Gain privileges', 'Overflow'}
CVE-2012-2133;{'Denial Of Service', 'Gain privileges'}
CVE-2012-2127;{'Denial Of Service', 'Overflow'}
CVE-2012-2123;{'Bypass a restriction or similar'}
CVE-2012-2121;{'Denial Of Service'}
CVE-2012-2119;{'Denial Of Service', 'Overflow'}
CVE-2012-2100;{'Denial Of Service'}
CVE-2012-1601;{'Denial Of Service'}
CVE-2012-1583;{'Denial Of Service'}
CVE-2012-1179;{'Denial Of Service'}
CVE-2012-1146;{'Denial Of Service'}
CVE-2012-1097;{'Denial Of Service'}
CVE-2012-1090;{'Denial Of Service'}
CVE-2012-0957;{'Obtain Information'}
CVE-2012-0879;{'Denial Of Service'}
CVE-2012-0207;{'Denial Of Service'}
CVE-2012-0058;{'Denial Of Service'}
CVE-2012-0056;{'Gain privileges'}
CVE-2012-0045;{'Denial Of Service'}
CVE-2012-0044;{'Denial Of Service', 'Gain privileges', 'Memory corruption', 'Overflow'}
CVE-2012-0038;{'Denial Of Service', 'Overflow'}
CVE-2012-0028;{'Denial Of Service', 'Gain privileges'}
CVE-2011-5327;{'Memory corruption', 'Overflow'}
CVE-2011-5321;{'Denial Of Service'}
CVE-2011-4914;{'Obtain Information', 'Denial Of Service'}
CVE-2011-4913;{'Denial Of Service', 'Memory corruption', 'Overflow'}
CVE-2011-4621;{'Denial Of Service', 'Execute Code'}
CVE-2011-4611;{'Denial Of Service', 'Overflow'}
CVE-2011-4604;{'Denial Of Service', 'Memory corruption', 'Overflow'}
CVE-2011-4594;{'Denial Of Service'}
CVE-2011-4374;{'Execute Code', 'Overflow'}
CVE-2011-4348;{'Denial Of Service'}
CVE-2011-4347;{'Denial Of Service'}
CVE-2011-4330;{'Denial Of Service', 'Execute Code', 'Overflow'}
CVE-2011-4326;{'Denial Of Service'}
CVE-2011-4325;{'Denial Of Service'}
CVE-2011-4324;{'Denial Of Service'}
CVE-2011-4132;{'Denial Of Service'}
CVE-2011-4131;{'Denial Of Service'}
CVE-2011-4127;{'Bypass a restriction or similar'}
CVE-2011-4112;{'Denial Of Service'}
CVE-2011-4110;{'Denial Of Service'}
CVE-2011-4098;{'Denial Of Service', 'Overflow'}
CVE-2011-4097;{'Denial Of Service', 'Overflow'}
CVE-2011-4087;{'Denial Of Service'}
CVE-2011-4086;{'Denial Of Service', 'Overflow'}
CVE-2011-4081;{'Denial Of Service'}
CVE-2011-4080;{'Bypass a restriction or similar'}
CVE-2011-4077;{'Denial Of Service', 'Memory corruption', 'Execute Code', 'Overflow'}
CVE-2011-3638;{'Denial Of Service'}
CVE-2011-3637;{'Denial Of Service'}
CVE-2011-3619;{'Denial Of Service'}
CVE-2011-3593;{'Denial Of Service'}
CVE-2011-3363;{'Denial Of Service'}
CVE-2011-3359;{'Denial Of Service', 'Overflow'}
CVE-2011-3353;{'Denial Of Service', 'Overflow'}
CVE-2011-3209;{'Denial Of Service'}
CVE-2011-3191;{'Denial Of Service', 'Memory corruption'}
CVE-2011-3188;{'Denial Of Service'}
CVE-2011-2942;{'Denial Of Service'}
CVE-2011-2928;{'Denial Of Service'}
CVE-2011-2918;{'Denial Of Service', 'Overflow'}
CVE-2011-2909;{'Obtain Information'}
CVE-2011-2906;{'Denial Of Service', 'Memory corruption'}
CVE-2011-2905;set()
CVE-2011-2898;{'Obtain Information'}
CVE-2011-2723;{'Denial Of Service'}
CVE-2011-2707;{'Obtain Information'}
CVE-2011-2700;{'Denial Of Service', 'Overflow'}
CVE-2011-2699;{'Denial Of Service'}
CVE-2011-2695;{'Denial Of Service'}
CVE-2011-2689;{'Denial Of Service'}
CVE-2011-2534;{'Denial Of Service', 'Overflow'}
CVE-2011-2525;{'Denial Of Service'}
CVE-2011-2521;{'Denial Of Service'}
CVE-2011-2519;{'Denial Of Service'}
CVE-2011-2518;{'Denial Of Service'}
CVE-2011-2517;{'Gain privileges', 'Overflow'}
CVE-2011-2497;{'Denial Of Service', 'Memory corruption', 'Overflow'}
CVE-2011-2496;{'Denial Of Service', 'Overflow'}
CVE-2011-2495;set()
CVE-2011-2494;{'Obtain Information'}
CVE-2011-2493;{'Denial Of Service'}
CVE-2011-2492;{'Obtain Information'}
CVE-2011-2491;{'Denial Of Service'}
CVE-2011-2484;{'Denial Of Service', 'Bypass a restriction or similar'}
CVE-2011-2482;{'Denial Of Service'}
CVE-2011-2479;{'Denial Of Service'}
CVE-2011-2213;{'Denial Of Service'}
CVE-2011-2211;{'Gain privileges'}
CVE-2011-2210;{'Obtain Information'}
CVE-2011-2209;{'Obtain Information'}
CVE-2011-2208;{'Obtain Information'}
CVE-2011-2203;{'Denial Of Service'}
CVE-2011-2189;{'Denial Of Service'}
CVE-2011-2184;{'Denial Of Service'}
CVE-2011-2183;{'Denial Of Service'}
CVE-2011-2182;{'Obtain Information', 'Gain privileges', 'Overflow'}
CVE-2011-2022;{'Denial Of Service', 'Gain privileges'}
CVE-2011-1927;{'Denial Of Service'}
CVE-2011-1833;{'Bypass a restriction or similar'}
CVE-2011-1776;{'Obtain Information', 'Denial Of Service', 'Overflow'}
CVE-2011-1771;{'Denial Of Service'}
CVE-2011-1770;{'Denial Of Service'}
CVE-2011-1768;{'Denial Of Service'}
CVE-2011-1767;{'Denial Of Service'}
CVE-2011-1759;{'Denial Of Service', 'Gain privileges', 'Memory corruption', 'Overflow'}
CVE-2011-1748;{'Denial Of Service'}
CVE-2011-1747;{'Denial Of Service'}
CVE-2011-1746;{'Denial Of Service', 'Overflow'}
CVE-2011-1745;{'Denial Of Service', 'Gain privileges', 'Overflow'}
CVE-2011-1598;{'Denial Of Service'}
CVE-2011-1593;{'Denial Of Service', 'Overflow'}
CVE-2011-1585;{'Bypass a restriction or similar'}
CVE-2011-1581;{'Denial Of Service'}
CVE-2011-1577;{'Denial Of Service', 'Overflow'}
CVE-2011-1576;{'Denial Of Service', 'Memory corruption', 'Overflow'}
CVE-2011-1573;{'Denial Of Service'}
CVE-2011-1495;{'Obtain Information', 'Denial Of Service', 'Gain privileges', 'Memory corruption'}
CVE-2011-1494;{'Denial Of Service', 'Gain privileges', 'Memory corruption', 'Overflow'}
CVE-2011-1493;{'Denial Of Service', 'Memory corruption'}
CVE-2011-1479;{'Denial Of Service'}
CVE-2011-1478;{'Denial Of Service'}
CVE-2011-1477;{'Denial Of Service', 'Gain privileges', 'Memory corruption', 'Overflow'}
CVE-2011-1476;{'Denial Of Service', 'Memory corruption'}
CVE-2011-1182;set()
CVE-2011-1180;{'Denial Of Service', 'Memory corruption', 'Overflow'}
CVE-2011-1173;{'Obtain Information'}
CVE-2011-1172;{'Obtain Information'}
CVE-2011-1171;{'Obtain Information'}
CVE-2011-1170;{'Obtain Information'}
CVE-2011-1169;{'Denial Of Service', 'Gain privileges', 'Memory corruption'}
CVE-2011-1163;{'Obtain Information'}
CVE-2011-1162;{'Obtain Information'}
CVE-2011-1160;{'Obtain Information'}
CVE-2011-1093;{'Denial Of Service'}
CVE-2011-1090;{'Denial Of Service'}
CVE-2011-1083;{'Denial Of Service'}
CVE-2011-1082;{'Denial Of Service'}
CVE-2011-1080;{'Obtain Information'}
CVE-2011-1079;{'Obtain Information', 'Denial Of Service'}
CVE-2011-1078;{'Obtain Information'}
CVE-2011-1076;{'Denial Of Service'}
CVE-2011-1044;{'Obtain Information', 'Overflow'}
CVE-2011-1023;{'Denial Of Service'}
CVE-2011-1021;set()
CVE-2011-1020;{'Obtain Information', 'Denial Of Service'}
CVE-2011-1019;{'Bypass a restriction or similar'}
CVE-2011-1017;{'Obtain Information', 'Gain privileges', 'Overflow'}
CVE-2011-1016;set()
CVE-2011-1013;{'Denial Of Service'}
CVE-2011-1012;{'Denial Of Service'}
CVE-2011-1010;{'Denial Of Service', 'Overflow'}
CVE-2011-0999;{'Denial Of Service'}
CVE-2011-0726;set()
CVE-2011-0716;{'Denial Of Service', 'Memory corruption'}
CVE-2011-0714;{'Denial Of Service'}
CVE-2011-0712;{'Denial Of Service', 'Overflow'}
CVE-2011-0711;{'Obtain Information'}
CVE-2011-0710;{'Obtain Information'}
CVE-2011-0709;{'Denial Of Service'}
CVE-2011-0695;{'Denial Of Service'}
CVE-2011-0640;set()
CVE-2011-0521;{'Denial Of Service', 'Memory corruption'}
CVE-2011-0463;{'Obtain Information'}
CVE-2011-0006;{'Bypass a restriction or similar'}
CVE-2010-5332;{'Overflow'}
CVE-2010-5331;{'Overflow'}
CVE-2010-5329;{'Denial Of Service'}
CVE-2010-5328;{'Denial Of Service'}
CVE-2010-5321;{'Denial Of Service', 'Overflow'}
CVE-2010-5313;{'Denial Of Service'}
CVE-2010-4805;{'Denial Of Service'}
CVE-2010-4668;{'Denial Of Service'}
CVE-2010-4656;{'Denial Of Service', 'Gain privileges', 'Overflow'}
CVE-2010-4655;{'Obtain Information'}
CVE-2010-4650;{'Denial Of Service', 'Overflow'}
CVE-2010-4649;{'Denial Of Service', 'Memory corruption', 'Overflow'}
CVE-2010-4648;set()
CVE-2010-4565;{'Obtain Information'}
CVE-2010-4563;{'Obtain Information'}
CVE-2010-4529;{'Obtain Information'}
CVE-2010-4527;{'Obtain Information', 'Gain privileges', 'Overflow'}
CVE-2010-4526;{'Denial Of Service'}
CVE-2010-4525;{'Obtain Information'}
CVE-2010-4347;{'Gain privileges'}
CVE-2010-4346;{'Bypass a restriction or similar'}
CVE-2010-4343;{'Denial Of Service'}
CVE-2010-4342;{'Denial Of Service'}
CVE-2010-4263;{'Denial Of Service'}
CVE-2010-4258;{'Gain privileges', 'Bypass a restriction or similar'}
CVE-2010-4256;{'Denial Of Service'}
CVE-2010-4251;{'Denial Of Service'}
CVE-2010-4250;{'Denial Of Service'}
CVE-2010-4249;{'Denial Of Service'}
CVE-2010-4248;{'Denial Of Service'}
CVE-2010-4243;{'Denial Of Service'}
CVE-2010-4242;{'Denial Of Service'}
CVE-2010-4175;{'Denial Of Service', 'Memory corruption', 'Overflow'}
CVE-2010-4169;{'Denial Of Service'}
CVE-2010-4165;{'Denial Of Service'}
CVE-2010-4164;{'Denial Of Service'}
CVE-2010-4163;{'Denial Of Service'}
CVE-2010-4162;{'Denial Of Service', 'Overflow'}
CVE-2010-4161;{'Denial Of Service'}
CVE-2010-4160;{'Denial Of Service', 'Gain privileges', 'Memory corruption', 'Overflow'}
CVE-2010-4158;{'Obtain Information'}
CVE-2010-4157;{'Denial Of Service', 'Memory corruption', 'Overflow'}
CVE-2010-4083;{'Obtain Information'}
CVE-2010-4082;{'Obtain Information'}
CVE-2010-4081;{'Obtain Information'}
CVE-2010-4080;{'Obtain Information'}
CVE-2010-4079;{'Obtain Information'}
CVE-2010-4078;{'Obtain Information'}
CVE-2010-4077;{'Obtain Information'}
CVE-2010-4076;{'Obtain Information'}
CVE-2010-4075;{'Obtain Information'}
CVE-2010-4074;{'Obtain Information'}
CVE-2010-4073;{'Obtain Information'}
CVE-2010-4072;{'Obtain Information'}
CVE-2010-3904;{'Gain privileges'}
CVE-2010-3881;{'Obtain Information'}
CVE-2010-3880;{'Denial Of Service'}
CVE-2010-3877;{'Obtain Information'}
CVE-2010-3876;{'Obtain Information'}
CVE-2010-3875;{'Obtain Information'}
CVE-2010-3874;{'Denial Of Service', 'Memory corruption', 'Overflow'}
CVE-2010-3873;{'Denial Of Service', 'Memory corruption'}
CVE-2010-3865;{'Denial Of Service', 'Execute Code', 'Overflow'}
CVE-2010-3861;{'Obtain Information'}
CVE-2010-3859;{'Gain privileges', 'Overflow'}
CVE-2010-3858;{'Denial Of Service'}
CVE-2010-3850;{'Bypass a restriction or similar'}
CVE-2010-3849;{'Denial Of Service'}
CVE-2010-3848;{'Gain privileges', 'Overflow'}
CVE-2010-3705;{'Denial Of Service', 'Memory corruption'}
CVE-2010-3698;{'Denial Of Service'}
CVE-2010-3477;{'Obtain Information'}
CVE-2010-3448;{'Denial Of Service'}
CVE-2010-3442;{'Denial Of Service', 'Memory corruption', 'Overflow'}
CVE-2010-3437;{'Obtain Information', 'Denial Of Service'}
CVE-2010-3432;{'Denial Of Service'}
CVE-2010-3310;{'Denial Of Service', 'Memory corruption'}
CVE-2010-3301;{'Gain privileges'}
CVE-2010-3298;{'Obtain Information'}
CVE-2010-3297;{'Obtain Information'}
CVE-2010-3296;{'Obtain Information'}
CVE-2010-3086;{'Denial Of Service'}
CVE-2010-3084;{'Denial Of Service', 'Overflow'}
CVE-2010-3081;{'Gain privileges', 'Overflow'}
CVE-2010-3080;{'Denial Of Service'}
CVE-2010-3079;{'Denial Of Service'}
CVE-2010-3078;{'Obtain Information'}
CVE-2010-3067;{'Denial Of Service', 'Overflow'}
CVE-2010-3066;{'Denial Of Service'}
CVE-2010-3015;{'Denial Of Service', 'Overflow'}
CVE-2010-2963;{'Gain privileges'}
CVE-2010-2962;{'Gain privileges'}
CVE-2010-2960;{'Denial Of Service'}
CVE-2010-2959;{'Denial Of Service', 'Execute Code', 'Overflow'}
CVE-2010-2955;{'Obtain Information'}
CVE-2010-2954;{'Denial Of Service'}
CVE-2010-2943;{'Obtain Information'}
CVE-2010-2942;{'Obtain Information'}
CVE-2010-2938;{'Denial Of Service'}
CVE-2010-2803;{'Obtain Information'}
CVE-2010-2798;{'Denial Of Service'}
CVE-2010-2653;{'Denial Of Service'}
CVE-2010-2538;{'Obtain Information', 'Overflow'}
CVE-2010-2537;set()
CVE-2010-2524;set()
CVE-2010-2521;{'Denial Of Service', 'Execute Code', 'Overflow'}
CVE-2010-2495;{'Denial Of Service'}
CVE-2010-2492;{'Denial Of Service', 'Gain privileges', 'Overflow'}
CVE-2010-2478;{'Denial Of Service', 'Overflow'}
CVE-2010-2248;{'Denial Of Service'}
CVE-2010-2240;{'Execute Code'}
CVE-2010-2226;set()
CVE-2010-2071;{'Bypass a restriction or similar'}
CVE-2010-2066;set()
CVE-2010-1643;{'Denial Of Service'}
CVE-2010-1641;{'Bypass a restriction or similar'}
CVE-2010-1636;{'Obtain Information'}
CVE-2010-1488;{'Denial Of Service'}
CVE-2010-1451;{'Overflow'}
CVE-2010-1446;set()
CVE-2010-1437;{'Denial Of Service', 'Memory corruption'}
CVE-2010-1436;{'Denial Of Service'}
CVE-2010-1188;{'Denial Of Service'}
CVE-2010-1187;{'Denial Of Service'}
CVE-2010-1173;{'Denial Of Service'}
CVE-2010-1162;set()
CVE-2010-1148;{'Denial Of Service'}
CVE-2010-1146;{'Gain privileges'}
CVE-2010-1088;set()
CVE-2010-1087;{'Denial Of Service'}
CVE-2010-1086;{'Denial Of Service'}
CVE-2010-1085;{'Denial Of Service'}
CVE-2010-1084;{'Denial Of Service', 'Memory corruption', 'Overflow'}
CVE-2010-1083;{'Obtain Information'}
CVE-2010-0741;{'Denial Of Service'}
CVE-2010-0727;{'Denial Of Service'}
CVE-2010-0623;{'Denial Of Service'}
CVE-2010-0622;{'Denial Of Service'}
CVE-2010-0437;{'Denial Of Service'}
CVE-2010-0415;{'Denial Of Service'}
CVE-2010-0410;{'Denial Of Service'}
CVE-2010-0307;{'Denial Of Service'}
CVE-2010-0298;{'Denial Of Service', 'Gain privileges'}
CVE-2010-0291;{'Denial Of Service', 'Gain privileges'}
CVE-2010-0008;{'Denial Of Service'}
CVE-2010-0007;{'Bypass a restriction or similar'}
CVE-2010-0006;{'Denial Of Service'}
CVE-2010-0003;{'Obtain Information', 'Denial Of Service'}
CVE-2009-4895;{'Denial Of Service'}
CVE-2009-4538;set()
CVE-2009-4537;{'Denial Of Service'}
CVE-2009-4536;{'Bypass a restriction or similar'}
CVE-2009-4410;{'Denial Of Service'}
CVE-2009-4308;{'Denial Of Service'}
CVE-2009-4307;{'Denial Of Service'}
CVE-2009-4306;{'Denial Of Service'}
CVE-2009-4272;{'Denial Of Service'}
CVE-2009-4271;{'Denial Of Service'}
CVE-2009-4141;{'Gain privileges'}
CVE-2009-4138;{'Denial Of Service'}
CVE-2009-4131;set()
CVE-2009-4031;{'Denial Of Service'}
CVE-2009-4027;{'Denial Of Service'}
CVE-2009-4026;{'Denial Of Service'}
CVE-2009-4021;{'Denial Of Service'}
CVE-2009-4020;{'Overflow'}
CVE-2009-4005;{'Overflow'}
CVE-2009-4004;{'Denial Of Service', 'Gain privileges', 'Memory corruption', 'Overflow'}
CVE-2009-3939;set()
CVE-2009-3889;set()
CVE-2009-3888;{'Denial Of Service'}
CVE-2009-3726;{'Denial Of Service'}
CVE-2009-3722;{'Denial Of Service'}
CVE-2009-3640;{'Denial Of Service', 'Gain privileges'}
CVE-2009-3638;{'Overflow'}
CVE-2009-3624;{'Denial Of Service', 'Gain privileges'}
CVE-2009-3623;{'Denial Of Service'}
CVE-2009-3621;{'Denial Of Service'}
CVE-2009-3620;{'Denial Of Service', 'Gain privileges'}
CVE-2009-3613;{'Denial Of Service'}
CVE-2009-3612;{'Obtain Information'}
CVE-2009-3556;set()
CVE-2009-3547;{'Denial Of Service', 'Gain privileges'}
CVE-2009-3290;{'Denial Of Service'}
CVE-2009-3288;{'Denial Of Service', 'Overflow'}
CVE-2009-3286;{'Gain privileges'}
CVE-2009-3280;{'Denial Of Service', 'Overflow'}
CVE-2009-3238;set()
CVE-2009-3234;{'Denial Of Service', 'Execute Code', 'Overflow'}
CVE-2009-3228;{'Obtain Information'}
CVE-2009-3080;{'Denial Of Service', 'Gain privileges'}
CVE-2009-3043;{'Denial Of Service', 'Gain privileges'}
CVE-2009-3002;{'Obtain Information'}
CVE-2009-3001;{'Obtain Information'}
CVE-2009-2910;{'Obtain Information'}
CVE-2009-2909;{'Denial Of Service'}
CVE-2009-2908;{'Denial Of Service', 'Execute Code'}
CVE-2009-2903;{'Denial Of Service'}
CVE-2009-2849;{'Denial Of Service'}
CVE-2009-2848;{'Denial Of Service', 'Gain privileges', 'Memory corruption'}
CVE-2009-2847;{'Obtain Information'}
CVE-2009-2846;{'Bypass a restriction or similar'}
CVE-2009-2844;{'Denial Of Service'}
CVE-2009-2768;{'Denial Of Service', 'Overflow'}
CVE-2009-2767;{'Denial Of Service', 'Gain privileges', 'Overflow'}
CVE-2009-2698;{'Denial Of Service', 'Gain privileges'}
CVE-2009-2695;{'Gain privileges', 'Overflow'}
CVE-2009-2692;{'Gain privileges', 'Overflow'}
CVE-2009-2691;{'Obtain Information'}
CVE-2009-2584;{'Gain privileges', 'Overflow'}
CVE-2009-2407;{'Denial Of Service', 'Gain privileges', 'Overflow'}
CVE-2009-2406;{'Denial Of Service', 'Gain privileges', 'Overflow'}
CVE-2009-2287;{'Denial Of Service'}
CVE-2009-1961;{'Denial Of Service'}
CVE-2009-1914;{'Denial Of Service'}
CVE-2009-1897;{'Gain privileges', 'Overflow'}
CVE-2009-1895;{'Bypass a restriction or similar'}
CVE-2009-1883;set()
CVE-2009-1630;{'Bypass a restriction or similar'}
CVE-2009-1527;{'Gain privileges'}
CVE-2009-1439;{'Denial Of Service', 'Overflow'}
CVE-2009-1389;{'Denial Of Service', 'Memory corruption', 'Overflow'}
CVE-2009-1388;{'Denial Of Service'}
CVE-2009-1385;{'Denial Of Service'}
CVE-2009-1360;{'Denial Of Service'}
CVE-2009-1338;{'Bypass a restriction or similar'}
CVE-2009-1337;set()
CVE-2009-1336;{'Denial Of Service'}
CVE-2009-1298;{'Denial Of Service', 'Overflow'}
CVE-2009-1265;{'Obtain Information', 'Overflow'}
CVE-2009-1243;{'Denial Of Service'}
CVE-2009-1242;{'Denial Of Service'}
CVE-2009-1192;{'Obtain Information'}
CVE-2009-1184;{'Bypass a restriction or similar'}
CVE-2009-1072;set()
CVE-2009-1046;{'Denial Of Service', 'Memory corruption'}
CVE-2009-0935;{'Denial Of Service'}
CVE-2009-0859;{'Denial Of Service'}
CVE-2009-0835;{'Bypass a restriction or similar'}
CVE-2009-0834;{'Bypass a restriction or similar'}
CVE-2009-0787;set()
CVE-2009-0778;{'Denial Of Service'}
CVE-2009-0748;{'Denial Of Service'}
CVE-2009-0747;{'Denial Of Service'}
CVE-2009-0746;{'Denial Of Service'}
CVE-2009-0745;{'Denial Of Service'}
CVE-2009-0676;{'Obtain Information'}
CVE-2009-0675;set()
CVE-2009-0605;{'Denial Of Service', 'Gain privileges', 'Memory corruption', 'Overflow'}
CVE-2009-0269;{'Denial Of Service', 'Memory corruption'}
CVE-2009-0065;{'Overflow'}
CVE-2009-0031;{'Denial Of Service'}
CVE-2009-0029;{'Denial Of Service', 'Gain privileges'}
CVE-2009-0028;set()
CVE-2009-0024;{'Denial Of Service', 'Gain privileges'}
CVE-2008-7316;{'Denial Of Service'}
CVE-2008-7256;{'Denial Of Service'}
CVE-2008-6107;{'Denial Of Service'}
CVE-2008-5713;{'Denial Of Service'}
CVE-2008-5702;{'Overflow'}
CVE-2008-5701;{'Denial Of Service'}
CVE-2008-5700;{'Denial Of Service'}
CVE-2008-5395;{'Denial Of Service', 'Overflow'}
CVE-2008-5300;{'Denial Of Service'}
CVE-2008-5182;{'Gain privileges'}
CVE-2008-5134;{'Overflow'}
CVE-2008-5079;{'Denial Of Service'}
CVE-2008-5033;{'Denial Of Service'}
CVE-2008-5029;{'Denial Of Service'}
CVE-2008-5025;{'Denial Of Service', 'Memory corruption', 'Overflow'}
CVE-2008-4933;{'Denial Of Service', 'Memory corruption', 'Overflow'}
CVE-2008-4618;{'Denial Of Service'}
CVE-2008-4609;{'Denial Of Service'}
CVE-2008-4576;{'Denial Of Service'}
CVE-2008-4554;{'Bypass a restriction or similar'}
CVE-2008-4445;{'Obtain Information'}
CVE-2008-4410;{'Denial Of Service'}
CVE-2008-4395;{'Execute Code', 'Overflow'}
CVE-2008-4307;{'Denial Of Service'}
CVE-2008-4302;{'Denial Of Service'}
CVE-2008-4210;{'Obtain Information', 'Gain privileges'}
CVE-2008-4113;{'Obtain Information'}
CVE-2008-3915;{'Overflow'}
CVE-2008-3911;{'Overflow'}
CVE-2008-3833;{'Obtain Information', 'Gain privileges'}
CVE-2008-3831;{'Denial Of Service', 'Memory corruption'}
CVE-2008-3792;{'Denial Of Service'}
CVE-2008-3686;{'Denial Of Service'}
CVE-2008-3535;{'Denial Of Service'}
CVE-2008-3534;{'Denial Of Service'}
CVE-2008-3528;{'Denial Of Service'}
CVE-2008-3527;{'Denial Of Service', 'Gain privileges'}
CVE-2008-3526;{'Denial Of Service', 'Overflow'}
CVE-2008-3525;{'Bypass a restriction or similar'}
CVE-2008-3496;{'Overflow'}
CVE-2008-3357;{'Gain privileges'}
CVE-2008-3276;{'Denial Of Service', 'Overflow'}
CVE-2008-3275;{'Denial Of Service', 'Overflow'}
CVE-2008-3272;{'Obtain Information'}
CVE-2008-3247;{'Denial Of Service', 'Gain privileges', 'Overflow'}
CVE-2008-3077;{'Denial Of Service'}
CVE-2008-2931;{'Denial Of Service', 'Gain privileges'}
CVE-2008-2826;{'Denial Of Service', 'Overflow'}
CVE-2008-2812;{'Denial Of Service', 'Gain privileges'}
CVE-2008-2750;{'Denial Of Service', 'Memory corruption'}
CVE-2008-2372;{'Denial Of Service'}
CVE-2008-2365;{'Denial Of Service'}
CVE-2008-2358;{'Gain privileges', 'Overflow'}
CVE-2008-2148;{'Denial Of Service'}
CVE-2008-2137;{'Denial Of Service'}
CVE-2008-2136;{'Denial Of Service'}
CVE-2008-1675;set()
CVE-2008-1673;{'Denial Of Service', 'Execute Code', 'Overflow'}
CVE-2008-1669;{'Execute Code'}
CVE-2008-1514;{'Denial Of Service'}
CVE-2008-1375;{'Denial Of Service', 'Gain privileges'}
CVE-2008-1294;{'Bypass a restriction or similar'}
CVE-2008-0600;{'Gain privileges'}
CVE-2008-0598;{'Obtain Information'}
CVE-2008-0352;{'Denial Of Service', 'Overflow'}
CVE-2008-0163;set()
CVE-2008-0010;set()
CVE-2008-0009;set()
CVE-2008-0007;set()
CVE-2008-0001;{'Bypass a restriction or similar'}
CVE-2007-6762;{'Overflow'}
CVE-2007-6761;{'Overflow'}
CVE-2007-6733;{'Denial Of Service'}
CVE-2007-6716;{'Denial Of Service'}
CVE-2007-6694;{'Denial Of Service'}
CVE-2007-6434;{'Bypass a restriction or similar'}
CVE-2007-6417;{'Obtain Information', 'Denial Of Service'}
CVE-2007-6206;{'Obtain Information'}
CVE-2007-6151;{'Denial Of Service', 'Overflow'}
CVE-2007-6063;{'Overflow'}
CVE-2007-5966;{'Denial Of Service', 'Execute Code', 'Overflow'}
CVE-2007-5904;{'Denial Of Service', 'Execute Code', 'Overflow'}
CVE-2007-5616;{'Gain privileges'}
CVE-2007-5501;{'Denial Of Service'}
CVE-2007-5500;{'Denial Of Service'}
CVE-2007-5498;{'Denial Of Service'}
CVE-2007-5093;{'Denial Of Service'}
CVE-2007-5087;{'Denial Of Service'}
CVE-2007-4998;set()
CVE-2007-4997;{'Denial Of Service'}
CVE-2007-4573;{'Gain privileges'}
CVE-2007-4571;{'Obtain Information'}
CVE-2007-4567;{'Denial Of Service'}
CVE-2007-4311;set()
CVE-2007-4133;{'Denial Of Service'}
CVE-2007-3851;{'Gain privileges'}
CVE-2007-3850;{'Obtain Information'}
CVE-2007-3848;set()
CVE-2007-3843;set()
CVE-2007-3740;{'Gain privileges'}
CVE-2007-3731;{'Denial Of Service'}
CVE-2007-3720;{'Denial Of Service'}
CVE-2007-3719;{'Denial Of Service'}
CVE-2007-3642;{'Denial Of Service'}
CVE-2007-3513;{'Denial Of Service'}
CVE-2007-3380;{'Denial Of Service'}
CVE-2007-3107;{'Denial Of Service'}
CVE-2007-3105;{'Denial Of Service', 'Gain privileges', 'Overflow'}
CVE-2007-3104;{'Denial Of Service'}
CVE-2007-2878;{'Denial Of Service'}
CVE-2007-2876;{'Denial Of Service'}
CVE-2007-2764;{'Denial Of Service'}
CVE-2007-2525;{'Denial Of Service'}
CVE-2007-2480;set()
CVE-2007-2453;set()
CVE-2007-2451;{'Obtain Information'}
CVE-2007-2172;set()
CVE-2007-1861;{'Denial Of Service', 'Overflow'}
CVE-2007-1734;{'Denial Of Service'}
CVE-2007-1730;{'Denial Of Service'}
CVE-2007-1592;{'Denial Of Service', 'Overflow'}
CVE-2007-1497;{'Bypass a restriction or similar'}
CVE-2007-1496;{'Denial Of Service'}
CVE-2007-1388;{'Denial Of Service'}
CVE-2007-1357;{'Denial Of Service'}
CVE-2007-1353;{'Obtain Information'}
CVE-2007-1217;{'Denial Of Service', 'Gain privileges', 'Overflow'}
CVE-2007-1000;set()
CVE-2007-0997;{'Obtain Information', 'Denial Of Service', 'Gain privileges'}
CVE-2007-0958;set()
CVE-2007-0822;{'Obtain Information'}
CVE-2007-0772;{'Denial Of Service'}
CVE-2007-0771;{'Denial Of Service'}
CVE-2007-0006;{'Denial Of Service'}
CVE-2006-7203;{'Denial Of Service'}
CVE-2006-7051;{'Denial Of Service', 'Bypass a restriction or similar'}
CVE-2006-6921;{'Denial Of Service'}
CVE-2006-6535;set()
CVE-2006-6333;{'Denial Of Service', 'Memory corruption'}
CVE-2006-6304;set()
CVE-2006-6128;{'Denial Of Service', 'Memory corruption'}
CVE-2006-6106;{'Denial Of Service', 'Execute Code', 'Overflow'}
CVE-2006-6060;{'Denial Of Service'}
CVE-2006-6058;{'Denial Of Service', 'Overflow'}
CVE-2006-6057;{'Denial Of Service'}
CVE-2006-6056;{'Denial Of Service'}
CVE-2006-6054;{'Denial Of Service'}
CVE-2006-6053;{'Denial Of Service'}
CVE-2006-5871;set()
CVE-2006-5823;{'Denial Of Service', 'Memory corruption'}
CVE-2006-5757;{'Denial Of Service'}
CVE-2006-5755;{'Denial Of Service'}
CVE-2006-5754;{'Denial Of Service'}
CVE-2006-5753;{'Denial Of Service', 'Gain privileges'}
CVE-2006-5751;{'Execute Code', 'Overflow'}
CVE-2006-5749;set()
CVE-2006-5701;{'Denial Of Service'}
CVE-2006-5619;{'Denial Of Service'}
CVE-2006-5331;{'Denial Of Service'}
CVE-2006-5174;set()
CVE-2006-5173;{'Denial Of Service'}
CVE-2006-5158;{'Denial Of Service'}
CVE-2006-4997;{'Denial Of Service'}
CVE-2006-4814;set()
CVE-2006-4813;set()
CVE-2006-4663;set()
CVE-2006-4623;{'Denial Of Service'}
CVE-2006-4572;{'Bypass a restriction or similar'}
CVE-2006-4538;{'Denial Of Service'}
CVE-2006-4535;{'Denial Of Service'}
CVE-2006-4145;{'Denial Of Service'}
CVE-2006-4093;{'Denial Of Service'}
CVE-2006-3745;{'Denial Of Service', 'Gain privileges'}
CVE-2006-3741;{'Denial Of Service'}
CVE-2006-3635;{'Denial Of Service', 'Overflow'}
CVE-2006-3634;{'Denial Of Service'}
CVE-2006-3626;{'Gain privileges'}
CVE-2006-3468;{'Denial Of Service'}
CVE-2006-3085;{'Denial Of Service'}
CVE-2006-2936;{'Denial Of Service'}
CVE-2006-2935;{'Execute Code', 'Overflow'}
CVE-2006-2934;{'Denial Of Service'}
CVE-2006-2932;{'Denial Of Service'}
CVE-2006-2629;{'Denial Of Service', 'Memory corruption'}
CVE-2006-2451;{'Denial Of Service', 'Gain privileges'}
CVE-2006-2448;{'Denial Of Service'}
CVE-2006-2446;{'Denial Of Service'}
CVE-2006-2445;{'Denial Of Service'}
CVE-2006-2444;{'Denial Of Service'}
CVE-2006-2071;{'Bypass a restriction or similar'}
CVE-2006-1864;{'Directory traversal'}
CVE-2006-1863;{'Directory traversal'}
CVE-2006-1862;{'Denial Of Service'}
CVE-2006-1860;{'Denial Of Service'}
CVE-2006-1859;{'Denial Of Service'}
CVE-2006-1858;{'Denial Of Service', 'Execute Code'}
CVE-2006-1857;{'Denial Of Service', 'Execute Code', 'Overflow'}
CVE-2006-1856;{'Bypass a restriction or similar'}
CVE-2006-1855;{'Denial Of Service'}
CVE-2006-1624;{'Denial Of Service'}
CVE-2006-1528;{'Denial Of Service'}
CVE-2006-1527;{'Denial Of Service'}
CVE-2006-1525;{'Denial Of Service'}
CVE-2006-1524;{'Bypass a restriction or similar'}
CVE-2006-1523;set()
CVE-2006-1522;{'Denial Of Service'}
CVE-2006-1368;{'Denial Of Service', 'Memory corruption', 'Overflow'}
CVE-2006-1343;set()
CVE-2006-1342;set()
CVE-2006-1242;{'Bypass a restriction or similar'}
CVE-2006-1066;{'Denial Of Service'}
CVE-2006-1056;{'Obtain Information'}
CVE-2006-1055;{'Denial Of Service'}
CVE-2006-1052;set()
CVE-2006-0744;set()
CVE-2006-0742;{'Denial Of Service'}
CVE-2006-0741;{'Denial Of Service'}
CVE-2006-0558;{'Denial Of Service'}
CVE-2006-0557;set()
CVE-2006-0555;{'Denial Of Service'}
CVE-2006-0554;{'Obtain Information'}
CVE-2006-0482;{'Denial Of Service'}
CVE-2006-0457;{'Denial Of Service'}
CVE-2006-0456;{'Denial Of Service'}
CVE-2006-0454;{'Denial Of Service'}
CVE-2006-0096;set()
CVE-2006-0095;{'Obtain Information'}
CVE-2006-0039;set()
CVE-2006-0038;{'Overflow'}
CVE-2006-0037;{'Denial Of Service', 'Memory corruption'}
CVE-2006-0036;{'Denial Of Service', 'Memory corruption'}
CVE-2006-0035;{'Denial Of Service'}
CVE-2005-4886;{'Denial Of Service'}
CVE-2005-4881;{'Obtain Information'}
CVE-2005-4811;{'Denial Of Service'}
CVE-2005-4798;{'Denial Of Service', 'Overflow'}
CVE-2005-4639;{'Denial Of Service', 'Execute Code', 'Overflow'}
CVE-2005-4635;{'Denial Of Service'}
CVE-2005-4618;{'Denial Of Service', 'Overflow'}
CVE-2005-4605;set()
CVE-2005-4352;{'Bypass a restriction or similar'}
CVE-2005-4351;{'Bypass a restriction or similar'}
CVE-2005-3858;{'Denial Of Service'}
CVE-2005-3857;{'Denial Of Service'}
CVE-2005-3848;{'Denial Of Service'}
CVE-2005-3847;{'Denial Of Service'}
CVE-2005-3810;{'Denial Of Service'}
CVE-2005-3809;{'Denial Of Service'}
CVE-2005-3808;{'Denial Of Service', 'Overflow'}
CVE-2005-3807;{'Denial Of Service'}
CVE-2005-3806;{'Denial Of Service'}
CVE-2005-3805;{'Denial Of Service'}
CVE-2005-3784;{'Denial Of Service', 'Gain privileges'}
CVE-2005-3783;{'Denial Of Service'}
CVE-2005-3753;{'Denial Of Service'}
CVE-2005-3660;{'Denial Of Service'}
CVE-2005-3623;{'Bypass a restriction or similar'}
CVE-2005-3527;{'Denial Of Service'}
CVE-2005-3359;{'Denial Of Service'}
CVE-2005-3358;{'Denial Of Service'}
CVE-2005-3356;{'Denial Of Service'}
CVE-2005-3276;{'Obtain Information'}
CVE-2005-3275;{'Denial Of Service', 'Memory corruption'}
CVE-2005-3274;{'Denial Of Service'}
CVE-2005-3273;set()
CVE-2005-3272;set()
CVE-2005-3271;{'Denial Of Service'}
CVE-2005-3257;{'Gain privileges'}
CVE-2005-3181;{'Denial Of Service'}
CVE-2005-3180;{'Obtain Information'}
CVE-2005-3179;{'Obtain Information'}
CVE-2005-3119;{'Denial Of Service'}
CVE-2005-3110;{'Denial Of Service'}
CVE-2005-3109;{'Denial Of Service'}
CVE-2005-3108;{'Obtain Information', 'Denial Of Service'}
CVE-2005-3107;{'Denial Of Service'}
CVE-2005-3106;{'Denial Of Service'}
CVE-2005-3105;{'Denial Of Service'}
CVE-2005-3055;{'Denial Of Service'}
CVE-2005-3053;{'Denial Of Service'}
CVE-2005-3044;{'Denial Of Service'}
CVE-2005-2973;{'Denial Of Service'}
CVE-2005-2873;set()
CVE-2005-2872;{'Denial Of Service'}
CVE-2005-2801;set()
CVE-2005-2800;{'Denial Of Service'}
CVE-2005-2709;{'Denial Of Service', 'Execute Code'}
CVE-2005-2708;{'Denial Of Service'}
CVE-2005-2617;set()
CVE-2005-2555;set()
CVE-2005-2553;{'Denial Of Service'}
CVE-2005-2548;{'Denial Of Service'}
CVE-2005-2500;{'Denial Of Service', 'Execute Code', 'Overflow'}
CVE-2005-2492;{'Denial Of Service'}
CVE-2005-2490;{'Execute Code', 'Overflow'}
CVE-2005-2459;{'Denial Of Service'}
CVE-2005-2458;{'Denial Of Service'}
CVE-2005-2457;{'Denial Of Service'}
CVE-2005-2456;{'Denial Of Service', 'Execute Code', 'Overflow'}
CVE-2005-2099;{'Denial Of Service'}
CVE-2005-2098;{'Denial Of Service'}
CVE-2005-1913;{'Denial Of Service'}
CVE-2005-1768;{'Denial Of Service', 'Execute Code', 'Overflow'}
CVE-2005-1765;{'Denial Of Service'}
CVE-2005-1764;{'Denial Of Service'}
CVE-2005-1762;{'Denial Of Service'}
CVE-2005-1589;{'Denial Of Service', 'Execute Code'}
CVE-2005-1369;{'Denial Of Service'}
CVE-2005-1368;{'Denial Of Service'}
CVE-2005-1265;{'Denial Of Service'}
CVE-2005-1264;set()
CVE-2005-1263;{'Execute Code', 'Overflow'}
CVE-2005-1041;{'Denial Of Service'}
CVE-2005-0977;{'Denial Of Service'}
CVE-2005-0937;set()
CVE-2005-0916;{'Denial Of Service'}
CVE-2005-0867;{'Overflow'}
CVE-2005-0839;{'Gain privileges'}
CVE-2005-0815;{'Denial Of Service'}
CVE-2005-0767;{'Execute Code'}
CVE-2005-0756;{'Denial Of Service'}
CVE-2005-0750;{'Gain privileges'}
CVE-2005-0749;{'Denial Of Service'}
CVE-2005-0736;{'Overflow'}
CVE-2005-0532;{'Overflow'}
CVE-2005-0531;{'Overflow'}
CVE-2005-0530;set()
CVE-2005-0529;{'Overflow'}
CVE-2005-0504;{'Execute Code', 'Overflow'}
CVE-2005-0489;{'Denial Of Service'}
CVE-2005-0449;{'Denial Of Service', 'Bypass a restriction or similar'}
CVE-2005-0400;{'Obtain Information'}
CVE-2005-0210;{'Denial Of Service'}
CVE-2005-0209;{'Denial Of Service'}
CVE-2005-0207;{'Denial Of Service'}
CVE-2005-0204;set()
CVE-2005-0180;{'Bypass a restriction or similar'}
CVE-2005-0179;{'Denial Of Service', 'Bypass a restriction or similar'}
CVE-2005-0178;{'Denial Of Service'}
CVE-2005-0177;{'Denial Of Service', 'Overflow'}
CVE-2005-0176;set()
CVE-2005-0137;{'Denial Of Service'}
CVE-2005-0136;{'Denial Of Service'}
CVE-2005-0135;{'Denial Of Service'}
CVE-2005-0124;{'Denial Of Service', 'Execute Code', 'Overflow'}
CVE-2005-0003;{'Denial Of Service', 'Execute Code'}
CVE-2005-0001;{'Execute Code'}
CVE-2004-2731;{'Execute Code', 'Overflow'}
CVE-2004-2660;{'Denial Of Service'}
CVE-2004-2607;set()
CVE-2004-2536;{'Gain privileges'}
CVE-2004-2302;{'Denial Of Service'}
CVE-2004-2136;set()
CVE-2004-2135;set()
CVE-2004-2013;{'Execute Code', 'Overflow'}
CVE-2004-1335;{'Denial Of Service'}
CVE-2004-1334;{'Denial Of Service', 'Overflow'}
CVE-2004-1333;{'Denial Of Service', 'Overflow'}
CVE-2004-1237;{'Denial Of Service'}
CVE-2004-1235;{'Execute Code'}
CVE-2004-1234;{'Denial Of Service'}
CVE-2004-1151;{'Gain privileges', 'Overflow'}
CVE-2004-1144;{'Gain privileges'}
CVE-2004-1137;{'Denial Of Service', 'Execute Code'}
CVE-2004-1074;{'Denial Of Service'}
CVE-2004-1073;set()
CVE-2004-1072;{'Denial Of Service', 'Execute Code', 'Overflow'}
CVE-2004-1071;{'Execute Code'}
CVE-2004-1070;{'Execute Code'}
CVE-2004-1069;{'Denial Of Service'}
CVE-2004-1068;{'Gain privileges'}
CVE-2004-1058;set()
CVE-2004-1057;{'Denial Of Service'}
CVE-2004-1056;{'Denial Of Service'}
CVE-2004-1017;{'Overflow'}
CVE-2004-1016;{'Denial Of Service'}
CVE-2004-0997;{'Gain privileges'}
CVE-2004-0986;set()
CVE-2004-0949;set()
CVE-2004-0887;{'Gain privileges'}
CVE-2004-0883;{'Denial Of Service'}
CVE-2004-0816;{'Denial Of Service'}
CVE-2004-0814;{'Denial Of Service'}
CVE-2004-0812;{'Denial Of Service', 'Execute Code'}
CVE-2004-0685;{'Obtain Information'}
CVE-2004-0658;{'Denial Of Service', 'Execute Code', 'Overflow'}
CVE-2004-0626;{'Denial Of Service'}
CVE-2004-0596;{'Denial Of Service'}
CVE-2004-0565;{'Obtain Information'}
CVE-2004-0554;{'Denial Of Service'}
CVE-2004-0535;{'Overflow'}
CVE-2004-0497;set()
CVE-2004-0496;{'Gain privileges'}
CVE-2004-0495;{'Gain privileges'}
CVE-2004-0447;{'Denial Of Service'}
CVE-2004-0427;{'Denial Of Service'}
CVE-2004-0424;{'Denial Of Service', 'Execute Code', 'Overflow'}
CVE-2004-0415;set()
CVE-2004-0394;{'Overflow'}
CVE-2004-0229;set()
CVE-2004-0228;{'Gain privileges'}
CVE-2004-0186;{'Gain privileges'}
CVE-2004-0181;{'Obtain Information'}
CVE-2004-0178;{'Denial Of Service'}
CVE-2004-0177;{'Obtain Information'}
CVE-2004-0138;{'Denial Of Service'}
CVE-2004-0133;{'Obtain Information'}
CVE-2004-0109;{'Execute Code', 'Overflow'}
CVE-2004-0077;{'Gain privileges'}
CVE-2004-0075;{'Denial Of Service'}
CVE-2004-0058;set()
CVE-2004-0010;{'Gain privileges', 'Overflow'}
CVE-2004-0003;{'Gain privileges'}
CVE-2004-0001;{'Gain privileges'}
CVE-2003-1604;{'Denial Of Service'}
CVE-2003-1161;{'Bypass a restriction or similar'}
CVE-2003-1040;{'Denial Of Service'}
CVE-2003-0986;{'Denial Of Service'}
CVE-2003-0985;{'Denial Of Service', 'Gain privileges'}
CVE-2003-0984;set()
CVE-2003-0961;{'Gain privileges', 'Overflow'}
CVE-2003-0959;{'Denial Of Service', 'Gain privileges', 'Overflow'}
CVE-2003-0956;set()
CVE-2003-0643;{'Denial Of Service'}
CVE-2003-0619;{'Denial Of Service'}
CVE-2003-0501;{'Obtain Information'}
CVE-2003-0476;set()
CVE-2003-0467;{'Denial Of Service'}
CVE-2003-0465;{'Obtain Information'}
CVE-2003-0462;{'Denial Of Service'}
CVE-2003-0418;set()
CVE-2003-0246;{'Gain privileges'}
CVE-2003-0244;{'Denial Of Service'}
CVE-2003-0187;{'Denial Of Service'}
CVE-2003-0127;{'Gain privileges'}
CVE-2003-0018;set()
CVE-2003-0001;{'Obtain Information'}
CVE-2002-2254;set()
CVE-2002-1976;set()
CVE-2002-1963;{'Denial Of Service'}
CVE-2002-1574;{'Overflow'}
CVE-2002-1573;set()
CVE-2002-1572;{'Overflow'}
CVE-2002-1571;{'Obtain Information'}
CVE-2002-1380;{'Denial Of Service'}
CVE-2002-1319;{'Denial Of Service'}
CVE-2002-0704;set()
CVE-2002-0570;set()
CVE-2002-0510;set()
CVE-2002-0499;set()
CVE-2002-0429;set()
CVE-2002-0060;{'Bypass a restriction or similar'}
CVE-2002-0046;set()
CVE-2001-1572;{'Bypass a restriction or similar'}
CVE-2001-1551;set()
CVE-2001-1400;{'Denial Of Service'}
CVE-2001-1399;set()
CVE-2001-1398;set()
CVE-2001-1397;set()
CVE-2001-1396;set()
CVE-2001-1395;set()
CVE-2001-1394;{'Denial Of Service'}
CVE-2001-1393;{'Denial Of Service'}
CVE-2001-1392;set()
CVE-2001-1391;set()
CVE-2001-1390;set()
CVE-2001-1384;{'Gain privileges'}
CVE-2001-1273;{'Denial Of Service'}
CVE-2001-1244;{'Denial Of Service'}
CVE-2001-1056;{'Bypass a restriction or similar'}
CVE-2001-0914;{'Denial Of Service'}
CVE-2001-0851;{'Bypass a restriction or similar'}
CVE-2001-0405;{'Bypass a restriction or similar'}
CVE-2001-0317;{'Gain privileges'}
CVE-2001-0316;{'Gain privileges'}
CVE-2000-0506;{'Denial Of Service', 'Gain privileges'}
CVE-2000-0344;{'Denial Of Service'}
CVE-2000-0289;set()
CVE-2000-0227;{'Denial Of Service'}
CVE-2000-0006;set()
CVE-1999-1442;{'Denial Of Service'}
CVE-1999-1441;{'Denial Of Service'}
CVE-1999-1352;{'Gain privileges'}
CVE-1999-1341;set()
CVE-1999-1339;{'Denial Of Service'}
CVE-1999-1285;{'Denial Of Service'}
CVE-1999-1276;{'Gain privileges'}
CVE-1999-1225;set()
CVE-1999-1166;{'Gain privileges'}
CVE-1999-1018;{'Bypass a restriction or similar'}
CVE-1999-0986;{'Denial Of Service'}
CVE-1999-0804;{'Denial Of Service'}
CVE-1999-0782;set()
CVE-1999-0781;{'Execute Code'}
CVE-1999-0780;set()
CVE-1999-0720;set()
CVE-1999-0656;set()
CVE-1999-0628;set()
CVE-1999-0590;set()
CVE-1999-0524;{'Obtain Information'}
CVE-1999-0513;{'Denial Of Service'}
CVE-1999-0461;set()
CVE-1999-0460;{'Denial Of Service', 'Overflow'}
CVE-1999-0451;{'Denial Of Service'}
CVE-1999-0431;{'Denial Of Service'}
CVE-1999-0414;set()
CVE-1999-0401;set()
CVE-1999-0400;{'Denial Of Service'}
CVE-1999-0381;{'Overflow'}
CVE-1999-0335;set()
CVE-1999-0330;{'Overflow'}
CVE-1999-0317;{'Overflow'}
CVE-1999-0257;{'Denial Of Service'}
CVE-1999-0245;set()
CVE-1999-0216;{'Denial Of Service'}
CVE-1999-0195;{'Denial Of Service'}
CVE-1999-0183;set()
CVE-1999-0171;{'Denial Of Service'}
CVE-1999-0165;set()
CVE-1999-0138;set()
CVE-1999-0128;{'Denial Of Service'}
CVE-1999-0074;set()
CVE-1999-0061;set()
